Date,Open,High,Low,Close,Adj Close,Volume,Returns,Daily_Return,Typical_Price,Typical_Price_Return,Trend_ADX,Trend_AroonIndicator,Trend_CCI,Trend_DPO,Trend_EMA,Trend_MACD,Trend_MI,Volumne_CMF,Volumne_EOM,Volumne_FI,Volumne_MFI,Volumne_VWAP,Mkt-RF,SMB,HML,RF,Mkt-RF,SMB,HML,RF,Mkt-RF,SMB,HML,RF
2023-03-07,94.9800033569336,95.66999816894531,93.52999877929688,93.86000061035156,93.86000061035156,27835500.0,-1.2699966430664062,-0.013440031477426118,94.35333251953125,-0.7181109885898707,16.311980588391616,-60.0,7.460583361831211,0.2964981079101534,93.63114837729046,-0.7290019424116565,24.104072211596623,-0.019471708963666914,-2.9599049291248503,-9683345.462779546,31.686998658612836,94.97707392314094,-1.45,0.74,-0.66,0.016,-1.45,0.74,-0.66,0.016,-1.45,0.74,-0.66,0.016
2023-03-08,94.12000274658203,95.95999908447266,94.0,94.25,94.25,34103300.0,0.3899993896484375,0.004146509459062031,94.73666636149089,0.40545176304087605,16.39652605598308,-60.0,37.694900064338825,-1.5939994812011662,93.69008662707232,-0.5813074988434721,24.102640282822097,-0.09134019475042315,2.183957991175314,-7494430.067753157,30.08350310324792,94.34636459097041,0.08,0.19,-0.39,0.016,0.08,0.19,-0.39,0.016,0.08,0.19,-0.39,0.016
2023-03-09,94.05000305175781,95.52999877929688,91.9000015258789,92.31999969482422,92.31999969482422,28813500.0,-1.9300003051757812,-0.02069002687396093,93.25,-1.5817051119018544,16.070639343365066,-55.00000000000001,4.55929175454214,-1.3814987182617244,93.55960215733441,-0.612928030377077,24.154437186950922,-0.07061458435107226,-15.936780710428218,-12076871.374936892,32.7239065162473,93.64029426769534,-2.02,-0.63,-0.66,0.016,-2.02,-0.63,-0.66,0.016,-2.02,-0.63,-0.66,0.016
2023-03-10,92.16999816894531,92.79000091552734,90.4000015258789,90.62999725341797,90.62999725341797,35941000.0,-1.69000244140625,-0.0184755456929091,91.27333323160808,-2.14253921009373,15.490653243969442,-30.0,-55.4377960482277,-1.9225006103515625,93.28059216648522,-0.7655320258460421,24.227698343443823,-0.026261469093055594,-14.097538057538546,-16711491.029379286,36.60158812130955,93.11154870681027,-1.68,-1.47,0.8,0.016,-1.68,-1.47,0.8,0.016,-1.68,-1.47,0.8,0.016
2023-03-13,90.08999633789062,92.56999969482422,89.41999816894531,91.11000061035156,91.11000061035156,37335600.0,0.48000335693359375,0.005282320663579476,91.03333282470703,-0.2632932198691762,14.76865137542595,-30.0,-57.281143662300885,-3.509502792358404,93.07386916113916,-0.8380786829869038,24.18401571375358,0.033132794079169164,-5.062214415487278,-13413138.232949842,37.59677240654473,92.8475651337648,-0.34,-0.62,-3.52,0.016,-0.34,-0.62,-3.52,0.016,-0.34,-0.62,-3.52,0.016
2023-03-14,92.55999755859375,94.36000061035156,92.44000244140625,93.97000122070312,93.97000122070312,36050200.0,2.8600006103515625,0.030908020960493054,93.59000142415364,2.76978211618113,14.375732848337105,-30.0,35.28637652514954,-2.737497329711914,93.15921507157383,-0.6572182809696585,24.147251585053375,0.054515853712075034,12.808807098927264,-2316306.5914026294,43.473102284594134,92.76551203224157,1.71,0.12,-0.4,0.016,1.71,0.12,-0.4,0.016,1.71,0.12,-0.4,0.016
2023-03-15,93.22000122070312,96.93000030517578,92.63999938964844,96.11000061035156,96.11000061035156,50622100.0,2.1399993896484375,0.022517779800422133,95.22666676839192,1.7336460300219514,14.384810145606048,-30.0,88.92377321744092,-2.619002532958987,93.44024226574314,-0.337316666756621,24.13402748263049,0.031870629952867324,11.737253230073971,8221557.188990209,51.01029075287894,92.85139117884697,-0.79,-0.08,-1.81,0.016,-0.79,-0.08,-1.81,0.016,-0.79,-0.08,-1.81,0.016
2023-03-16,96.19999694824219,101.19000244140625,95.5,100.31999969482422,100.31999969482422,65492000.0,4.209999084472656,0.04287169865684248,99.00333404541016,3.889351110756323,14.929002301819196,70.0,200.1944199953499,-2.487999343872076,94.09545725898896,0.253002948459482,24.216464354874145,0.03309750141178069,30.929604387460273,33697719.36530383,52.21872098478725,93.18485417627865,1.76,0.18,-0.19,0.016,1.76,0.18,-0.19,0.016,1.76,0.18,-0.19,0.016
2023-03-17,100.26000213623047,102.83999633789062,100.0999984741211,101.62000274658203,101.62000274658203,61028500.0,1.3000030517578125,0.01287531935096542,101.51999918619792,2.5102288596067446,15.627679881839063,75.0,240.37403004645788,-1.1534999847412166,94.81208063875974,0.8163247941569409,24.116924214330748,0.06849873641470595,14.030302026131112,38044340.02043696,59.531176755223946,93.71023741072432,-1.21,-0.81,-1.55,0.016,-1.21,-0.81,-1.55,0.016,-1.21,-0.81,-1.55,0.016
2023-03-20,100.12000274658203,101.75,99.87000274658203,101.22000122070312,101.22000122070312,32960400.0,-0.40000152587890625,-0.003944015347720153,100.94666798909505,-0.56634777226936,16.24576441712196,75.0,185.80824949653038,0.15300140380858807,95.42235878942101,1.2164620182753367,24.04776606828437,0.08939362509339685,-3.764489292516662,33165430.466721144,59.45279837044234,94.00134454262725,0.84,-0.62,0.75,0.016,0.84,-0.62,0.75,0.016,0.84,-0.62,0.75,0.016
2023-03-21,101.25,105.0999984741211,101.22000122070312,104.91999816894531,104.91999816894531,42110300.0,3.6999969482421875,0.035901759700927904,103.74666595458984,2.7359685549743773,17.185707516928993,85.0,199.7320245859215,0.9764972686767521,96.32689587318524,1.8112534801278883,24.163965783524347,0.17964330791939193,21.652630413761624,44845673.42127751,64.54806755164738,94.62936532108237,1.49,0.45,0.67,0.016,1.49,0.45,0.67,0.016,1.49,0.45,0.67,0.016
2023-03-22,104.2699966430664,106.58999633789062,103.33000183105469,103.37000274658203,103.37000274658203,43427400.0,-1.5499954223632812,-0.014883326395969121,104.43000030517578,0.656497019674962,18.221096346736704,85.0,174.2463460625331,-0.8794994354248047,96.99766795636587,2.1329707629277976,24.30009828858506,0.10544805541087604,13.512178083712728,34163964.409237824,69.27024162609622,95.3162627203472,-1.74,-0.8,-0.47,0.016,-1.74,-0.8,-0.47,0.016,-1.74,-0.8,-0.47,0.016
2023-03-23,105.05999755859375,106.30000305175781,104.45999908447266,105.5999984741211,105.5999984741211,40797800.0,2.2299957275390625,0.021343545671759223,105.45333353678386,0.975152549864422,19.20471573505403,95.0,156.8674796639484,-1.2249999999999943,97.81693752948541,2.5386125010740983,24.348718732466693,0.116325214272967,1.894232816892036,39574912.531500235,74.61841233097945,96.0999470657475,0.21,-0.17,-1.55,0.016,0.21,-0.17,-1.55,0.016,0.21,-0.17,-1.55,0.016
2023-03-24,104.98999786376953,105.48999786376953,103.83999633789062,105.44000244140625,105.44000244140625,30393300.0,-0.15999603271484375,-0.00151626291389384,104.92333221435547,-0.5038604845469585,20.00249596972353,95.0,124.60991055669955,-3.9705005645751896,98.54294371157312,2.8147297064015078,24.32957810659064,0.1628226149647178,-3.8816371931642153,35342748.726489544,74.69434080635864,96.78888129107544,0.46,0.11,0.72,0.016,0.46,0.11,0.72,0.016,0.46,0.11,0.72,0.016
2023-03-27,104.62000274658203,104.76000213623047,101.93000030517578,102.45999908447266,102.45999908447266,31120900.0,-2.9800033569335938,-0.028669624333061527,103.0500005086263,-1.8015601794740377,20.352253171537974,85.0,85.61773406966905,-6.290002822875977,98.9159966042302,2.76126309285533,24.363849474667344,0.12581021759751526,-12.003479198043504,23144354.89817676,70.60603587264919,97.29901257815607,0.27,0.22,1.01,0.016,0.27,0.22,1.01,0.016,0.27,0.22,1.01,0.016
2023-03-28,102.44000244140625,102.44999694824219,99.73999786376953,101.02999877929688,101.02999877929688,32057900.0,-1.4300003051757812,-0.01405497921853538,101.07333119710286,-1.9368007422317035,20.253120383843445,85.0,51.59781649869835,-6.358499526977539,99.11733014471274,2.5738318118253005,24.476941745026945,0.13238816808504136,-19.020298515777935,16574149.023750909,66.45684453150625,97.73893982311317,-0.17,-0.17,0.75,0.016,-0.17,-0.17,0.75,0.016,-0.17,-0.17,0.75,0.016
2023-03-29,102.27999877929688,102.48999786376953,100.6500015258789,101.38999938964844,101.38999938964844,28779600.0,0.3600006103515625,0.003556970587588637,101.50999959309895,0.43110069379830307,20.164268668734017,40.0,51.46518542851015,-4.049998855590815,99.33377483470662,2.426370522820406,24.584813276128216,0.1247719395178701,3.036881929962356,15982389.456314998,66.50655239325292,98.18473859724217,1.39,-0.3,-0.54,0.016,1.39,-0.3,-0.54,0.016,1.39,-0.3,-0.54,0.016
2023-03-30,100.91000366210938,101.16000366210938,99.77999877929688,100.88999938964844,100.88999938964844,33086200.0,-0.5,-0.004943652574033841,100.61000061035156,-0.8905649417388695,19.908069307089754,40.0,33.57307956107791,-2.354499435424799,99.48198669708202,2.243301187869889,24.620061774720135,0.11757102449739545,-4.588025416558592,12884723.793808807,62.23603447562564,98.58260858941357,0.5,-0.54,-0.58,0.016,0.5,-0.54,-0.58,0.016,0.5,-0.54,-0.58,0.016
2023-03-31,101.30000305175781,103.88999938964844,101.04000091552734,103.7300033569336,103.7300033569336,36863400.0,2.8400039672851562,0.02776059343534687,102.8866678873698,2.237640829864862,20.03601984019828,40.0,62.717016360292206,1.3514995574951172,99.88655971230598,2.3008591343687925,24.750502548164615,0.11988130804993581,15.423818507638455,21628293.17036222,62.49299745328761,99.03597515196714,1.53,0.69,-0.77,0.016,1.53,0.69,-0.77,0.016,1.53,0.69,-0.77,0.016
2023-04-03,102.38999938964844,104.52999877929688,101.93000030517578,104.36000061035156,104.36000061035156,25035400.0,0.6299972534179688,0.006055064311086156,103.6066665649414,0.6973606168397595,20.239432498773187,40.0,68.14576269535712,2.19000244140625,100.31260170259603,2.3699899658372345,24.96121075305463,0.14358414158466,7.944739232404937,21070573.176824886,62.2386300877266,99.3610678542473,0.28,-0.47,0.78,0.018,0.28,-0.47,0.78,0.018,0.28,-0.47,0.78,0.018
2023-04-04,104.33000183105469,105.58000183105469,104.04000091552734,104.72000122070312,104.72000122070312,24420100.0,0.3600006103515625,0.0034436671414255215,104.78000132242839,1.1261249763558467,20.566190415158218,40.0,81.0119547567085,1.2470008850097685,100.73235403765383,2.425861862932166,25.081335694203204,0.16608666147794562,9.96394063234425,19901113.912826914,65.7140001905662,99.72315424675148,-0.72,-0.97,-0.72,0.018,-0.72,-0.97,-0.72,0.018,-0.72,-0.97,-0.72,0.018
2023-04-05,105.77999877929688,106.0999984741211,103.66000366210938,104.47000122070312,104.47000122070312,28290500.0,-0.25,-0.0023901727243327286,104.7433344523112,-0.03500027369831571,20.942553696924186,40.00000000000001,76.13435161584418,4.435997772216794,101.08832043603948,2.4220479719047603,25.234760817412354,0.18873080900660033,0.6037323207914223,17332186.39731959,61.61711473107314,100.14226270991549,-0.4,-1.4,1.4,0.018,-0.4,-1.4,1.4,0.018,-0.4,-1.4,1.4,0.018
2023-04-06,105.26000213623047,109.16999816894531,104.33000183105469,108.41999816894531,108.41999816894531,48711500.0,3.9499969482421875,0.03711259640951958,107.30666605631511,2.417784925120081,21.66201927495571,90.0,117.54561441139266,2.081002426147464,101.786575458221,2.706557666009104,25.460334556534903,0.2567541988908805,18.580392683825472,34006290.20179385,66.3660758720446,100.85849787529521,0.34,0.06,-0.53,0.018,0.34,0.06,-0.53,0.018,0.34,0.06,-0.53,0.018
2023-04-10,106.9800033569336,107.58999633789062,105.12000274658203,106.44000244140625,106.44000244140625,27067400.0,-1.9799957275390625,-0.018431087897247345,106.38333384195964,-0.8641845300263462,22.34551157408566,90.0,96.8591907796644,3.5204978942871037,102.22975898042911,2.7406717823725444,25.673289272090216,0.30064347440087413,-3.604515392096139,25663468.624900073,66.71295651810615,101.51229661889803,0.2,0.79,0.27,0.018,0.2,0.79,0.27,0.018,0.2,0.79,0.27,0.018
2023-04-11,106.55000305175781,106.7300033569336,104.68000030517578,105.3499984741211,105.3499984741211,26311800.0,-1.0900039672851562,-0.01029334328011533,105.58666737874348,-0.7516820396922697,22.888359433956072,90.0,76.68434081348063,2.6485019683837834,102.52692464649502,2.649214756123172,25.79354660561362,0.28919500460138353,-5.064257449349556,20487903.385727346,67.2571038229803,102.18168227105542,0.06,0.47,0.58,0.018,0.06,0.47,0.58,0.018,0.06,0.47,0.58,0.018
2023-04-12,106.58000183105469,106.75,104.33999633789062,104.63999938964844,104.63999938964844,24370300.0,-0.7099990844726562,-0.006762243890278796,105.24333190917969,-0.3256991644754237,23.319901950070754,85.0,64.6488298114591,-0.8650012969970646,102.72816986012867,2.490731805672155,25.857628372069136,0.2396279700457661,-1.582292428220025,16888780.1405796,63.49805071675828,102.70606566838107,-0.51,-0.54,0.37,0.018,-0.51,-0.54,0.37,0.018,-0.51,-0.54,0.37,0.018
2023-04-13,105.83999633789062,107.48999786376953,105.83999633789062,107.43000030517578,107.43000030517578,24843600.0,2.7900009155273438,0.026313593643126687,106.91999816894531,1.5805758371902456,23.826207127432998,80.0,113.65421298799303,-2.861001586914057,103.17596323584745,2.560744019455754,25.84848142402663,0.23672066274630288,7.43853526297561,21881626.483857267,62.41752905626377,103.38951278065427,1.39,0.36,-1.17,0.018,1.39,0.36,-1.17,0.018,1.39,0.36,-1.17,0.018
2023-04-14,106.88999938964844,108.94000244140625,106.83999633789062,108.87000274658203,108.87000274658203,26578000.0,1.44000244140625,0.013315059602032164,108.21666717529297,1.2054520841206617,24.48972388758378,100.0,147.68650177722682,-2.9285011291503906,103.71825271306027,2.7012866151026316,25.690079468349914,0.21959152387079117,9.679104083599839,23442651.093746606,60.466793246839686,104.011365460434,-0.23,-0.95,0.2,0.018,-0.23,-0.95,0.2,0.018,-0.23,-0.95,0.2,0.018
2023-04-17,104.66000366210938,106.16000366210938,104.5199966430664,105.97000122070312,105.97000122070312,37571200.0,-2.9000015258789062,-0.026998488415105548,105.5500005086263,-2.495061587331193,24.540368738361828,60.0,46.15583471881964,-3.646001052856448,103.9327049518834,2.5492752892276087,25.509060498148436,0.2619838303354039,-11.130910504145495,10833204.577284878,53.26182405834051,104.33682093214038,0.33,0.79,-0.2,0.018,0.33,0.79,-0.2,0.018,0.33,0.79,-0.2,0.018
2023-04-18,106.48999786376953,106.54000091552734,104.06999969482422,104.5,104.5,26596400.0,-1.470001220703125,-0.013968975301206221,105.03666687011719,-0.48752816278172517,24.481971444708318,60.0,20.79752203849622,-0.9699970245361271,103.98673305170402,2.2838614716998933,25.321048612169946,0.21492296690650542,-0.3250427344765956,6077971.715990262,53.687683999752,104.54099925558036,0.04,-0.43,-0.3,0.018,0.04,-0.43,-0.3,0.018,0.04,-0.43,-0.3,0.018
2023-04-19,103.58000183105469,104.9800033569336,103.06999969482422,104.18000030517578,104.18000030517578,20905700.0,-0.31999969482421875,-0.003066896158507859,104.07666778564453,-0.9181679688637701,24.190928126131066,60.0,-21.45102229362057,-0.3029998779296932,104.00513945679657,2.0243622205261005,25.187541234528688,0.16590909241731774,-11.694429538128649,4861991.77922103,48.74352120237952,104.57946546872554,-0.04,0.28,0.4,0.018,-0.04,0.28,0.4,0.018,-0.04,0.28,0.4,0.018
2023-04-20,103.91000366210938,106.25,103.87000274658203,105.29000091552734,105.29000091552734,27820800.0,1.1100006103515625,0.010598281317602876,105.1366678873698,1.0133284942599907,24.111973677704576,60.0,23.001475038822637,-0.03899917602538494,104.12750721477093,1.8865282437025854,24.96295373496134,0.24956309648030908,8.85415514337775,7340002.560292241,47.43225796796633,104.61602115951362,-0.61,0.09,-0.26,0.018,-0.61,0.09,-0.26,0.018,-0.61,0.09,-0.26,0.018
2023-04-21,105.47000122070312,106.0,104.77999877929688,105.41000366210938,105.41000366210938,25800100.0,0.12000274658203125,0.0011390864447111682,105.39666748046875,0.24699150357498922,24.03696695169941,60.0,34.40951555540148,-0.27949943542481037,104.24964973356506,1.7666126320302737,24.536399901701476,0.24075523748318683,1.5604512493581983,6935819.731892129,46.07598627275771,104.59212212474822,0.08,0.26,-0.91,0.018,0.08,0.26,-0.91,0.018,0.08,0.26,-0.91,0.018
2023-04-24,105.48999786376953,106.62999725341797,104.69999694824219,105.97000122070312,105.97000122070312,23542800.0,0.55999755859375,0.005298503697400037,105.76666514078777,0.35043777191559045,24.06632735860747,60.0,47.687750549650744,3.6439975738525447,104.41349273234012,1.6972014864536789,24.235328497625403,0.20718856512483236,2.2543863368129866,7530875.997660588,50.71199438818554,104.62245372953593,0.0,-0.4,0.47,0.018,0.0,-0.4,0.47,0.018,0.0,-0.4,0.47,0.018
2023-04-25,105.83000183105469,106.69000244140625,103.83999633789062,103.8499984741211,103.8499984741211,46664100.0,-2.1200027465820312,-0.02020851107705468,104.79333241780598,-0.9245247598720141,23.869778197076375,60.0,2.8340227253846395,1.5945018768310604,104.35982661250974,1.4543611790927855,24.137710257430932,0.1566396912920472,-2.4429827603231518,-2608066.49419076,49.342862792739666,104.71804998961109,-1.76,-0.99,0.11,0.018,-1.76,-0.99,0.11,0.018,-1.76,-0.99,0.11,0.018
2023-04-26,104.91999816894531,106.3499984741211,102.62999725341797,103.70999908447266,103.70999908447266,53347600.0,-0.1399993896484375,-0.0013490018551376437,104.22999827067058,-0.5390168735722511,23.378853279043568,60.0,-34.41892148795813,0.3704978942871122,104.2979382765062,1.2363597199737768,24.11834994357286,0.11744363512605639,-5.404191795537786,-3070977.4413353526,47.572289861609725,104.86531675163356,-0.41,0.14,-0.75,0.018,-0.41,0.14,-0.75,0.018,-0.41,0.14,-0.75,0.018
2023-04-27,104.44999694824219,108.37000274658203,103.54000091552734,107.58999633789062,107.58999633789062,50089200.0,3.8799972534179688,0.03672913879430073,106.5,2.1545005989723975,23.2636710327128,50.00000000000001,79.03063667948011,-0.6495010375976591,104.61146761568568,1.3609867369483624,24.250443020258015,0.175506647050489,14.12674158199709,15730635.498401664,49.458459268236815,105.14504736489106,1.85,-0.56,0.01,0.018,1.85,-0.56,0.01,0.018,1.85,-0.56,0.01,0.018
2023-04-28,107.04000091552734,107.3499984741211,105.08999633789062,107.33999633789062,107.33999633789062,36139800.0,-0.25,-0.0023263399364106263,106.59333038330078,0.0875957864102439,23.15424789869857,50.0,77.9458576841505,1.818000030517581,104.87132749399092,1.423176146407684,24.378786242194995,0.1991344669255123,1.6571496396805454,13372008.308077695,54.77431267202148,105.46080039121784,0.77,0.15,0.17,0.018,0.77,0.15,0.17,0.018,0.77,0.15,0.17,0.018
2023-05-01,106.83999633789062,107.98999786376953,106.81999969482422,107.19999694824219,107.19999694824219,26681700.0,-0.1399993896484375,-0.001305112462958391,107.33666483561198,0.694935222212667,23.160353495103198,45.0,114.72657273798976,3.0845027923583928,105.09310553725294,1.4445134686456385,24.445752419280034,0.1356471777352407,5.196255999236064,11742729.258281466,54.14422551157844,105.69058048926718,-0.02,0.3,-0.78,0.016,-0.02,0.3,-0.78,0.016,-0.02,0.3,-0.78,0.016
2023-05-02,107.13999938964844,107.19999694824219,103.70999908447266,105.31999969482422,105.31999969482422,30997200.0,-1.8799972534179688,-0.017692888438308074,105.40999857584636,-1.81128004792237,22.396620138709228,40.0,-25.15221678085845,0.13650131225585938,105.11471450464067,1.2947977610819663,24.55319758572313,0.09643505623756694,-21.95520400877385,5074407.341907283,49.75091624342031,105.75885591703234,-1.28,-0.53,-1.39,0.016,-1.28,-0.53,-1.39,0.016,-1.28,-0.53,-1.39,0.016
2023-05-03,105.52999877929688,107.48999786376953,104.95999908447266,105.41000366210938,105.41000366210938,21795400.0,0.09000396728515625,0.0008542112781686484,105.95333353678386,0.5141252764268245,21.726830597999218,-40.0,11.01197480275282,-1.3680000305175781,105.14283728154246,1.1699234034171582,24.62758056396506,0.07919145650704344,8.938125559522307,4777956.401589151,49.56409542571399,105.80323587391973,-0.56,1.06,-1.02,0.016,-0.56,1.06,-1.02,0.016,-0.56,1.06,-1.02,0.016
2023-05-04,105.48999786376953,105.5999984741211,103.97000122070312,104.69000244140625,104.69000244140625,23419500.0,-0.720001220703125,-0.006853917357069861,104.75333404541016,-1.1390360629224716,20.863323903932145,-40.0,-80.61719867555273,-1.6989997863769588,105.09971015391044,1.0013189129579416,24.67280155443129,0.09057542833676824,-10.022390770346469,2717001.640651438,49.9437180726354,105.81181264011838,-0.78,-0.29,-0.99,0.016,-0.78,-0.29,-0.99,0.016,-0.78,-0.29,-0.99,0.016
2023-05-05,104.81999969482422,105.87999725341797,104.11000061035156,105.56999969482422,105.56999969482422,26625100.0,0.8799972534179688,0.008370611459258548,105.18666585286458,0.412815493050811,20.101556812034875,-40.0,-42.84456528137069,-0.4464992523193416,105.14449963399747,0.928009547053648,24.735844475233584,0.06699773368328618,1.3960423606432286,4689669.567444516,48.05052612542539,105.6644708959703,1.9,0.4,0.6,0.016,1.9,0.4,0.6,0.016,1.9,0.4,0.6,0.016
2023-05-08,105.18000030517578,107.95999908447266,105.16000366210938,107.7699966430664,107.7699966430664,26511400.0,2.1999969482421875,0.02062505834882522,106.96333312988281,1.67495528821755,19.790643978596826,-40.0,97.80168248491213,-0.3929962158203182,105.39454696819452,1.0354961588453335,24.78488220322488,0.10176069007683834,16.52873734289724,9797796.188985795,52.50642847573175,105.68916033952021,0.08,-0.31,-0.27,0.016,0.08,-0.31,-0.27,0.016,0.08,-0.31,-0.27,0.016
2023-05-09,108.38999938964844,110.1500015258789,107.19000244140625,107.3499984741211,107.3499984741211,36360100.0,-0.4199981689453125,-0.003904785348951556,108.23000081380208,1.177250512203365,19.875832629151425,-40.00000000000001,160.9728478516143,0.0670013427734375,105.58078044494943,1.074404662768032,24.847985634182564,0.062291685036966395,17.17707012598252,7410275.083113961,57.60485925849959,105.84334901401556,-0.43,0.11,-0.05,0.016,-0.43,0.11,-0.05,0.016,-0.43,0.11,-0.05,0.016
2023-05-10,107.97000122070312,112.94000244140625,107.93000030517578,111.75,111.75,63153400.0,4.400001525878906,0.04016972338294433,110.87333424886067,2.412981700505501,20.37269483131806,50.0,252.8438536169666,-2.408501434326169,106.16832516447805,1.443641878301591,25.110423754650164,0.13711041929321105,14.00186009396825,33168825.681335576,63.982988818642774,106.35030875831715,0.43,0.45,-1.31,0.016,0.43,0.45,-1.31,0.016,0.43,0.45,-1.31,0.016
2023-05-11,115.4000015258789,117.91999816894531,114.41000366210938,116.56999969482422,116.56999969482422,78900000.0,4.819999694824219,0.04222771482010135,116.3000005086263,4.77846470667167,21.4273904647931,55.0,354.1914180995018,-3.0055007934570312,107.15896083403481,2.10097993589018,25.33403405939689,0.11985755630534055,25.49083259495811,66228744.75183989,67.06359517115325,107.43681768927131,-0.21,-0.48,-0.08,0.016,-0.21,-0.48,-0.08,0.016,-0.21,-0.48,-0.08,0.016
2023-05-12,116.68000030517578,118.02999877929688,116.11000061035156,117.51000213623047,117.51000213623047,41073800.0,0.94000244140625,0.008031506211207073,117.21666717529297,0.7851014527097355,22.440606282316097,60.0,274.764013297143,0.44249649047851847,108.14477429138678,2.667031544017476,25.27886093456502,0.10919731680339453,4.230424258646005,63598337.84955343,67.88036167902328,107.96302102536959,-0.22,-0.19,0.35,0.016,-0.22,-0.19,0.35,0.016,-0.22,-0.19,0.35,0.016
2023-05-15,116.11000061035156,118.4800033569336,116.01000213623047,116.51000213623047,116.51000213623047,36266800.0,-1.0,-0.008546329957968446,117.00000254313152,-0.185012189119238,23.450654996176368,60.0,198.57541239845432,-0.33450355529785725,108.94146265756237,3.0003536695415107,25.233067938660305,0.03958656240907562,1.1918828004361262,54087372.34007215,67.64016057132189,108.54197182957515,0.47,0.84,0.01,0.016,0.47,0.84,0.01,0.016,0.47,0.84,0.01,0.016
2023-05-16,116.48999786376953,120.75,116.43000030517578,119.51000213623047,119.51000213623047,45035600.0,3.0,0.02542294318668059,118.89666748046875,1.6080818851341938,24.63852831789792,70.0,182.32958316939536,-1.2250030517578097,109.94799022695932,3.4666276576923423,25.325537965093535,0.08787503535851555,12.901767453935726,61803508.307684325,72.11198934225015,109.2969788442398,-0.72,-0.33,-0.46,0.016,-0.72,-0.33,-0.46,0.016,-0.72,-0.33,-0.46,0.016
2023-05-17,119.61000061035156,121.66999816894531,118.88999938964844,120.83999633789062,120.83999633789062,33323600.0,1.3299942016601562,0.011067258459331875,120.46666463216145,1.311829721622093,25.85371608105218,75.0,164.53538615904486,-3.938000106811529,110.98532414228612,3.8985327111316366,25.39216572080201,0.09974026586202911,14.098699177953078,60138430.8287089,75.35737852572427,109.9357548720709,1.32,0.87,1.18,0.016,1.32,0.87,1.18,0.016,1.32,0.87,1.18,0.016
2023-05-18,120.94999694824219,123.30999755859375,120.83000183105469,122.83000183105469,122.83000183105469,35234200.0,1.9900054931640625,0.016333974245198668,122.32333374023438,1.529474290099131,27.15636562186886,80.0,154.8612716071536,-4.724996185302729,112.1133886840736,4.351239015005916,25.471886847352938,0.12008126258080488,12.599107182223017,61088699.46856912,75.76258784528738,110.68478218218232,0.99,-0.08,-0.38,0.016,0.99,-0.08,-0.38,0.016,0.99,-0.08,-0.38,0.016
2023-05-19,123.55000305175781,125.97000122070312,122.1500015258789,122.76000213623047,122.76000213623047,41330300.0,-0.06999969482421875,-0.0005700533050125856,123.62666829427083,1.0598469146278156,28.610753073640552,80.0,142.64090451819487,-6.312497329711917,113.12735186999329,4.650752650476946,25.603289378583558,0.08036218871167783,18.392815451237585,54995193.958515555,76.43144246969858,111.5493452034618,-0.26,-0.45,-0.3,0.016,-0.26,-0.45,-0.3,0.016,-0.26,-0.45,-0.3,0.016
2023-05-22,122.94000244140625,126.43000030517578,122.73999786376953,125.05000305175781,125.05000305175781,35253000.0,2.2900009155273438,0.01848243457471188,124.74000040690105,0.8965289711214908,30.02775829096222,90.0,130.77081389676673,-6.386500167846677,114.26284245873276,5.015092436195985,25.78521170246051,0.08100013083097833,5.495256676007566,57446070.94104602,76.93926816506311,112.31203141918265,0.17,1.26,-0.22,0.016,0.17,1.26,-0.22,0.016,0.17,1.26,-0.22,0.016
2023-05-23,124.16000366210938,124.62999725341797,122.20999908447266,122.55999755859375,122.55999755859375,34046300.0,-2.4900054931640625,-0.02011299565573843,123.13333129882812,-1.2963811785722257,31.22313884582143,90.0,100.51648277552196,-5.122003173828119,115.05304770633857,5.044758867875075,25.869973938591592,0.11086198287033834,-8.280782588403982,43901161.89695482,77.55061121009922,113.23943392382755,-1.09,0.39,1.05,0.016,-1.09,0.39,1.05,0.016,-1.09,0.39,1.05,0.016
2023-05-24,121.12000274658203,121.91000366210938,119.86000061035156,120.9000015258789,120.9000015258789,34182600.0,-1.6599960327148438,-0.013636915830443463,120.89000193277995,-1.8386705372424927,31.72535462171973,90.0,70.8644160927255,-6.401501464843747,115.6099004510567,4.878090333186293,25.90709683448765,0.143907707282432,-15.20290909193384,34316005.48887546,78.83244803924049,114.22056749592602,-0.72,-0.32,-0.19,0.016,-0.72,-0.32,-0.19,0.016,-0.72,-0.32,-0.19,0.016
2023-05-25,124.5199966430664,125.31999969482422,121.95999908447266,123.4800033569336,123.4800033569336,42317000.0,2.5800018310546875,0.021115456578262304,123.58666737874348,2.206161289945996,32.530370793012615,85.0,88.0884946670265,-2.7960002899169893,116.3594340611402,4.8977309112414815,25.950517997896608,0.09472188924214583,21.87487877921699,41445713.298005536,78.80676977111143,115.26653776943569,0.64,-0.71,-1.08,0.016,0.64,-0.71,-1.08,0.016,0.64,-0.71,-1.08,0.016
2023-05-26,123.16999816894531,125.26000213623047,122.44999694824219,124.61000061035156,124.61000061035156,35635900.0,1.1299972534179688,0.009109638032861689,124.1066665649414,0.41987399649290325,33.295136155740856,70.0,85.73861632975596,1.160499191284174,117.14520230392223,4.9474464622839776,26.048715850119947,0.07250334238888965,1.6953452675258511,41333594.80515523,78.94593428499039,116.10658306831802,1.32,0.04,-0.87,0.016,1.32,0.04,-0.87,0.016,1.32,0.04,-0.87,0.016
2023-05-30,125.63999938964844,125.66000366210938,122.0,123.66999816894531,123.66999816894531,35076700.0,-0.94000244140625,-0.007572151904878588,123.77666727701823,-0.2662538685103577,33.90292185367362,70.0,77.01460879411968,1.2770015716552763,117.76661143392442,4.855030286580757,26.17497697444716,0.08000402093742823,-0.26083330093525664,34256854.00119048,74.38349855756616,116.77150358330202,-0.01,-0.15,-0.41,0.016,-0.01,-0.15,-0.41,0.016,-0.01,-0.15,-0.41,0.016
2023-05-31,122.75,124.05999755859375,122.5,122.87000274658203,122.87000274658203,37325800.0,-0.7999954223632812,-0.006489804714951752,123.1433334350586,-0.5129881978108486,34.480318266709745,70.0,66.27818191991618,-0.6004985809326229,118.25264870179657,4.663479171791934,26.132447999970967,0.05676523635041693,-2.298687283223131,28150442.2738345,73.28106603509586,117.54491346523785,-0.6,-0.1,-1.12,0.016,-0.6,-0.1,-1.12,0.016,-0.6,-0.1,-1.12,0.016
2023-06-01,122.81999969482422,124.41999816894531,122.62000274658203,123.72000122070312,123.72000122070312,30772700.0,0.8499984741210938,0.0068940494504881045,123.58666737874348,0.35936806982830305,35.0671401806398,60.0,66.0467529465738,1.484001541137701,118.77334894169243,4.528064596354028,25.932937384970078,0.0831576693004207,1.4038479645911424,27960566.632953707,73.71887442164615,118.11311677506137,1.01,0.14,-0.07,0.019,1.01,0.14,-0.07,0.019,1.01,0.14,-0.07,0.019
2023-06-02,123.98999786376953,126.1500015258789,123.76000213623047,124.66999816894531,124.66999816894531,26963100.0,0.9499969482421875,0.0076492739861429015,124.86000061035156,1.0250444420602633,35.80295142370677,60.0,77.47389569213667,1.8149959564209013,119.33493458238318,4.446151912365252,25.60838840813103,0.07800478509585576,12.719800046397474,27737166.259829443,76.64389544368127,118.75124467754776,1.62,1.55,1.63,0.019,1.62,1.55,1.63,0.019,1.62,1.55,1.63,0.019
2023-06-05,124.01000213623047,127.43000030517578,123.83999633789062,126.01000213623047,126.01000213623047,32305500.0,1.3400039672851562,0.010691054164794878,125.75999959309895,0.7182210923474486,36.62528115789427,100.0,86.99835438746835,2.783001327514654,119.97065530179721,4.438201813612011,25.45936237177571,0.06393068443153198,7.556577358523638,29218340.72700098,76.95971316537643,119.50352200813212,-0.26,-1.0,-0.73,0.019,-0.26,-1.0,-0.73,0.019,-0.26,-1.0,-0.73,0.019
2023-06-06,126.01000213623047,128.2899932861328,125.36000061035156,127.30999755859375,127.30999755859375,26638300.0,1.2999954223632812,0.010263752062225961,126.98666381835938,0.9706746195111471,37.48663608011715,100.0,105.66507497426637,1.7360015869140568,120.66964027863497,4.485098643852993,25.4564053832785,0.04587804151772739,13.08900065111914,29733705.23486182,77.09393940874806,120.18426925323017,0.47,2.12,1.32,0.019,0.47,2.12,1.32,0.019,0.47,2.12,1.32,0.019
2023-06-07,126.97000122070312,129.0399932861328,122.12000274658203,122.5,122.5,52539000.0,-4.80999755859375,-0.0385140079119104,124.55333201090495,-1.93480778942563,37.40119853672296,95.0,59.597765485754294,3.268502426147464,120.84396025209831,4.087025430463342,25.614089312463218,0.026963775678914687,-16.39806777897068,2834070.285736218,70.93164289097439,121.01725969097471,-0.36,1.34,2.24,0.019,-0.36,1.34,2.24,0.019,-0.36,1.34,2.24,0.019
2023-06-08,122.2300033569336,123.2300033569336,121.23999786376953,122.13999938964844,122.13999938964844,29389200.0,-0.3600006103515625,-0.0029431071869403524,122.20333353678386,-1.9047668029045006,37.09942019814668,90.0,-4.370702659957838,0.25899696350097656,120.96739255091262,3.6998509219338303,25.66065344155023,-0.018933978971838693,-22.64969176626516,1556527.4073095173,66.00836285750768,121.90184956439069,0.59,-0.49,-1.15,0.019,0.59,-0.49,-1.15,0.019,0.59,-0.49,-1.15,0.019
2023-06-09,122.25,123.76000213623047,121.91000366210938,122.2300033569336,122.2300033569336,23762500.0,0.09000396728515625,0.000736620455401571,122.63333638509114,0.3512572610671505,36.8820020322847,85.0,-1.3883739908968533,-1.6839992523193388,121.0876411991051,3.3615253309099984,25.68628476707205,-0.06804474639639017,4.6712396371725555,1611974.2516241847,63.556771835090295,122.55024203567532,0.03,-0.71,-0.4,0.019,0.03,-0.71,-0.4,0.019,0.03,-0.71,-0.4,0.019
2023-06-12,122.79000091552734,124.05000305175781,121.66000366210938,123.63999938964844,123.63999938964844,28306400.0,1.4099960327148438,0.01146956907415042,123.11666870117188,0.39335335038135355,36.71409838179025,75.0,5.992259298804367,0.5895027160644588,121.33072293153779,3.170625758433701,25.718226968741465,-0.06962570072997229,0.16887022669030727,5259587.341987544,62.99003071320553,122.88817816640983,0.94,0.04,-1.4,0.019,0.94,0.04,-1.4,0.019,0.94,0.04,-1.4,0.019
2023-06-13,124.9800033569336,125.16000366210938,123.18000030517578,123.83000183105469,123.83000183105469,22278300.0,0.19000244140625,0.0015355596864559118,124.05666859944661,0.7606034212724211,36.70168552704878,75.0,37.38691214819012,1.3534999847412053,121.56874949339655,3.000084968959797,25.66296457412473,-0.05061659816108094,11.687165067562852,5161810.58469167,67.38888766908107,123.23961082767731,0.74,0.57,0.07,0.019,0.74,0.57,0.07,0.019,0.74,0.57,0.07,0.019
2023-06-14,123.0999984741211,124.05000305175781,121.44999694824219,123.66999816894531,123.66999816894531,30592300.0,-0.160003662109375,-0.0012929590658572465,123.05666605631511,-0.8093517116622984,36.22802435265585,70.0,-29.221602251339135,0.20549774169921875,121.76886841487739,2.819517562919259,25.576640229986225,-0.04801361677636167,-12.06844148519398,4204030.525925927,62.19248832399352,123.52433753398286,-0.04,-0.89,-0.92,0.019,-0.04,-0.89,-0.92,0.019,-0.04,-0.89,-0.92,0.019
2023-06-15,123.13999938964844,125.45999908447266,122.4000015258789,125.08999633789062,125.08999633789062,35246300.0,1.4199981689453125,0.011416736002860972,124.31666564941406,1.0187116622552672,35.97775089655852,65.0,41.01972567130423,-0.8069976806640682,122.08516631230722,2.759192325932503,25.3750577518342,-0.028005039224553635,10.244474038346636,8570282.996037474,62.360227743820836,123.71833065343054,1.22,-0.35,0.06,0.019,1.22,-0.35,0.06,0.019,1.22,-0.35,0.06,0.019
2023-06-16,125.93000030517578,126.11000061035156,123.27999877929688,123.52999877929688,123.52999877929688,45514000.0,-1.55999755859375,-0.012549417283966413,124.30666605631511,-0.008043969997295619,35.829204514470476,40.0,34.78548046257064,0.00800094604491619,122.22276940440148,2.5560409267424404,25.193861529971063,-0.1145130221311491,4.75666756044469,991996.1505257208,56.238948680702926,123.83007733346511,-0.45,-0.55,0.21,0.019,-0.45,-0.55,0.21,0.019,-0.45,-0.55,0.21,0.019
2023-06-20,122.93000030517578,124.56999969482422,122.13999938964844,123.0999984741211,123.0999984741211,26097500.0,-0.43000030517578125,-0.003487010871920937,123.26999918619792,-0.8374560888693594,35.38413185696375,40.00000000000001,-37.68712317412907,0.9409980773925781,122.30631503008905,2.3334460349214794,25.10117323103126,-0.08303516538154673,-12.477060177121055,-171235.19374577166,51.3205775072096,123.82072881425633,-0.48,0.43,-0.66,0.019,-0.48,0.43,-0.66,0.019,-0.48,0.43,-0.66,0.019
2023-06-21,122.4000015258789,122.66000366210938,120.0999984741211,120.55000305175781,120.55000305175781,30306300.0,-2.5499954223632812,-0.02093239085249987,121.10333506266277,-1.7732875040579188,34.45824649384187,40.0,-165.9037561560551,2.5060020446777287,122.13904722262895,1.9290379117971952,25.04250887857754,-0.12694168112551416,-16.683020824115577,-7515015.29612887,46.38407518487902,123.64666241019906,-0.56,0.03,0.54,0.019,-0.56,0.03,0.54,0.019,-0.56,0.03,0.54,0.019
2023-06-22,120.0,123.23999786376953,118.83000183105469,123.1500015258789,123.1500015258789,26952200.0,2.5999984741210938,0.021338507014490027,121.74000040690105,0.5243436487092801,33.29011021660334,-55.0,-111.71375854634793,3.7764972686767635,122.23532858484323,1.7976178883471334,25.00798595937026,-0.05158177833730074,-5.645008624834186,-125425.37514454592,50.97881079315703,123.5946666612953,0.32,-0.67,-1.23,0.019,0.32,-0.67,-1.23,0.019,0.32,-0.67,-1.23,0.019
2023-06-23,121.37999725341797,122.79000091552734,121.05999755859375,122.33999633789062,122.33999633789062,34885300.0,-0.8100051879882812,-0.006599113076405594,122.0633316040039,0.265239514156157,32.18038075322674,-55.0,-100.9654656543863,-1.1055000305175753,122.24529694227631,1.6095520100968912,24.92652569742044,-0.026658120950752883,4.413612414858541,-2804649.052228645,56.17366806585864,123.65444784159207,-0.84,-0.63,0.07,0.019,-0.84,-0.63,0.07,0.019,-0.84,-0.63,0.07,0.019
2023-06-26,120.76000213623047,122.0,118.2699966430664,118.33999633789062,118.33999633789062,33969900.0,-4.0,-0.03324221757766299,119.53666432698567,-2.0916882784318247,30.612630830155304,-65.0,-211.21885695078603,-1.2085002899169979,121.87336355138244,1.1247761566518761,24.947128097266617,-0.0714754393246639,-19.6547809202594,-15478453.904397346,50.42612587659375,123.44187954142187,-0.48,-0.32,1.3,0.019,-0.48,-0.32,1.3,0.019,-0.48,-0.32,1.3,0.019
2023-06-27,117.08000183105469,119.08000183105469,116.0999984741211,118.33000183105469,118.33000183105469,39535900.0,-0.0099945068359375,-8.44594322826353e-05,117.83666737874348,-1.4323647910940984,29.523715703395588,-70.0,-240.29731445800599,-0.8044963836669865,121.53590053039883,0.7313507705681275,24.915872279196943,-0.07029645091941028,-19.18282646113249,-14041947.991865687,44.73485044434589,123.0636010807403,1.21,0.47,-0.52,0.019,1.21,0.47,-0.52,0.019,1.21,0.47,-0.52,0.019
2023-06-28,117.08999633789062,120.38999938964844,116.8499984741211,120.18000030517578,120.18000030517578,27091400.0,1.8499984741210938,0.01551327457449947,119.13999938964844,1.0999776223105329,28.223624047169928,-70.0,-149.0771894509464,0.7799995422363253,121.40676717561568,0.5623552521068405,24.89190595363226,-0.029103816047971385,13.458871160969842,-7931376.881992365,49.470063062597454,122.85858369917986,0.04,0.54,-0.42,0.019,0.04,0.54,-0.42,0.019,0.04,0.54,-0.42,0.019
2023-06-29,119.23999786376953,120.05999755859375,118.30000305175781,119.0999984741211,119.0999984741211,24090900.0,-1.0800018310546875,-0.009027157895595828,119.15333302815755,0.011190945535677344,26.98853697375555,-70.0,-126.06080025376393,1.1585021972656193,121.18707491833048,0.3373887567939846,24.84331334426112,-0.0019298965004096009,4.091168618909085,-9653932.99911265,54.30925950834176,122.69932757257702,0.44,0.52,0.76,0.019,0.44,0.52,0.76,0.019,0.44,0.52,0.76,0.019
2023-06-30,120.16999816894531,121.08000183105469,119.69000244140625,119.69999694824219,119.69999694824219,29519700.0,0.5999984741210938,0.005025123519366126,120.1566670735677,0.8385273694484496,25.672186471157858,-70.0,-79.86094276184083,1.1994987487792912,121.04544844498874,0.20515119564633721,24.777420174914912,-0.05933716036486502,5.6740136576295335,-7047675.098576928,54.15670576713115,122.53580196044345,1.14,-0.63,-0.77,0.019,1.14,-0.63,-0.77,0.019,1.14,-0.63,-0.77,0.019
2023-07-03,119.23999786376953,120.19000244140625,118.81999969482422,119.9000015258789,119.9000015258789,14467900.0,0.20000457763671875,0.0016694876908562861,119.6366678873698,-0.43370680122363225,24.531718180494828,-70.0,-87.61321695898164,2.857996749877927,120.93635826221637,0.11516314457979604,24.62622765159955,-0.03646472764384422,-8.332956962053872,-6100882.591208622,50.852098320322455,122.36528216860185,0.15,0.0,1.08,0.022,0.15,0.0,1.08,0.022,0.15,0.0,1.08,0.022
2023-07-05,119.23999786376953,122.61000061035156,119.2300033569336,121.75,121.75,27584800.0,1.8499984741210938,0.015311687202967939,121.19666798909505,1.2955199202988155,23.64021382428108,-70.0,-29.01831639609577,1.5109992980956974,121.0138479515291,0.19092551111475586,24.576298544378822,-0.025579986799074455,17.338168875853125,-659671.1150044156,50.37644967839029,122.13218185967312,-0.29,-0.95,-0.26,0.022,-0.29,-0.95,-0.26,0.022,-0.29,-0.95,-0.26,0.022
2023-07-06,119.80000305175781,120.30000305175781,118.4000015258789,120.11000061035156,120.11000061035156,24745200.0,-1.6399993896484375,-0.013561767314695494,119.60333506266277,-1.3233855151088214,22.620006646044637,-70.0,-78.06048187326124,1.4409988403320284,120.92776725236934,0.11728153915606754,24.45854257746076,-0.007571634339225237,-12.054870503351895,-4461808.427549568,46.08902744759152,121.81598500443695,-0.95,-0.51,-0.68,0.022,-0.95,-0.51,-0.68,0.022,-0.95,-0.51,-0.68,0.022
2023-07-07,120.0999984741211,121.05000305175781,119.4000015258789,119.4800033569336,119.4800033569336,21692600.0,-0.6299972534179688,-0.005258973203898343,119.97666931152344,0.3116575208520267,21.79579745748152,-35.0,-56.98605683041005,-0.9579967498779354,120.78988497661355,0.007990537614844584,24.397779331641544,0.039207758236588196,6.655501577238519,-5338424.617258621,52.40332992461605,121.49704769130194,-0.12,1.06,1.25,0.022,-0.12,1.06,1.25,0.022,-0.12,1.06,1.25,0.022
2023-07-10,118.30000305175781,118.30999755859375,116.13999938964844,116.44999694824219,116.44999694824219,35315200.0,-3.0300064086914062,-0.02568705132034843,116.96666463216145,-2.540832494841805,21.03911129430752,-35.0,-151.96175966746245,1.9265018463134709,120.37656230724484,-0.3194372886462702,24.397490163313286,0.0002845730729571582,-18.433996649380493,-15020982.494111966,52.002647626935826,121.18645892753892,0.37,1.29,-0.01,0.022,0.37,1.29,-0.01,0.022,0.37,1.29,-0.01,0.022
2023-07-11,116.29000091552734,117.70999908447266,115.3499984741211,117.13999938964844,117.13999938964844,23078800.0,0.69000244140625,0.005907825327434502,116.73333231608073,-0.19968540578574334,20.45952188684226,-80.0,-138.94988811810592,1.3709968566894588,120.0683182198547,-0.5172858205774844,24.417041055574046,0.047547785518481496,-7.106954018316836,-12073800.509460678,48.020479049291865,120.95050312100258,0.75,0.04,0.49,0.022,0.75,0.04,0.49,0.022,0.75,0.04,0.49,0.022
2023-07-12,118.80000305175781,120.33000183105469,118.41000366210938,118.93000030517578,118.93000030517578,30404400.0,1.7900009155273438,0.015165291853974416,119.22333526611328,2.11063786576533,19.4804703657376,-80.0,-49.5945493804226,-2.393503189086914,119.95990698988528,-0.5236082632099652,24.349138225008776,-0.008385411114896275,17.934254308537326,-5740685.809887322,48.12372562878861,120.75537812941371,0.74,0.3,0.43,0.022,0.74,0.3,0.43,0.022,0.74,0.3,0.43,0.022
2023-07-13,120.93000030517578,124.83000183105469,120.44999694824219,124.54000091552734,124.54000091552734,44297900.0,5.6100006103515625,0.046091869490411774,123.27333323160808,3.3405610158562915,19.272552857522978,-80.0,94.30410262961935,-2.43899765014649,120.396106411375,-0.07507328195997331,24.429981875362163,0.0680410873252858,32.332461049872215,18473783.889844086,50.036571162830704,120.81813614983031,0.9,0.05,-0.1,0.022,0.9,0.05,-0.1,0.022,0.9,0.05,-0.1,0.022
2023-07-14,124.80000305175781,126.77999877929688,123.48999786376953,125.41999816894531,125.41999816894531,33266800.0,0.8799972534179688,0.007041133719913439,125.22999827067058,1.5747921481184868,19.338906546130403,15.0,150.29161283058707,-0.6764991760253878,120.87457229304836,0.34739776096679975,24.311637116808637,0.04161574469855911,24.674897405643538,19502441.865097497,55.42815098254061,120.9468839215964,-0.25,-0.3,-1.51,0.022,-0.25,-0.3,-1.51,0.022,-0.25,-0.3,-1.51,0.022
2023-07-17,125.94000244140625,127.0999984741211,124.19999694824219,124.6500015258789,124.6500015258789,25716200.0,-0.7699966430664062,-0.006158268304616854,125.31666564941406,0.06918262717547918,19.44422817829995,15.0,147.4575707770674,-1.7345012664794979,121.23413698188936,0.6130104098418201,24.313769300880196,-0.03199966732651061,5.807619383140488,15759220.004381135,54.71445619891746,120.93619418867733,0.49,0.76,-0.27,0.022,0.49,0.76,-0.27,0.022,0.49,0.76,-0.27,0.022
2023-07-18,124.5999984741211,124.68000030517578,122.95999908447266,123.76000213623047,123.76000213623047,26226400.0,-0.8899993896484375,-0.007165598684990115,123.8000005086263,-1.217649467952242,19.29145352432075,15.0,100.4192373916912,-1.146002960205081,121.47469556801708,0.7431285120956943,24.324840632784753,0.02846831157148414,-12.001642703608056,12035343.81418524,56.599588740963895,120.80102463872304,0.78,0.22,1.09,0.022,0.78,0.22,1.09,0.022,0.78,0.22,1.09,0.022
2023-07-19,124.5999984741211,125.18000030517578,121.80000305175781,122.02999877929688,122.02999877929688,37224000.0,-1.7300033569335938,-0.014077317385439159,123.00333404541016,-0.645590329364687,18.91711473909333,15.0,75.19106641516031,-0.8924983978271541,121.52758158813897,0.6985982274156015,24.416081425780845,-0.017261479639426636,-2.996433454012099,4756011.550120352,55.519220853926726,120.8307426945343,0.25,-0.07,1.32,0.022,0.25,-0.07,1.32,0.022,0.25,-0.07,1.32,0.022
2023-07-20,121.41999816894531,124.08999633789062,118.22000122070312,119.19999694824219,119.19999694824219,37906800.0,-2.8300018310546875,-0.02346417711119031,120.50333150227864,-2.0534061194956266,18.015160714771667,15.0,-6.709864702613109,1.0250003814697237,121.30590686052976,0.4299934625545916,24.71881517101707,-0.02640382358656588,-36.1583030399456,-5913733.68412195,54.82923344742592,120.79617190142429,-0.81,-0.58,0.65,0.022,-0.81,-0.58,0.65,0.022,-0.81,-0.58,0.65,0.022
2023-07-21,120.62000274658203,120.98999786376953,118.7300033569336,120.0199966430664,120.0199966430664,72937900.0,0.8199996948242188,0.006855638562327293,119.91333262125652,-0.49081461768913925,17.158304391666086,15.0,-23.814609584535507,-0.4584987640380831,121.18343922077135,0.28006100462889094,24.900260946355285,-0.048626851137414405,-4.012576106768914,345579.59447246324,46.74970987251303,120.65667414259802,-0.05,-0.33,-0.37,0.022,-0.05,-0.33,-0.37,0.022,-0.05,-0.33,-0.37,0.022
2023-07-24,121.66000366210938,123.0,120.9800033569336,121.52999877929688,121.52999877929688,29686100.0,1.5100021362304688,0.012502768246667628,121.83666737874348,1.5912102079640889,16.588970799983883,14.999999999999993,42.33849682996294,-1.0479961395263615,121.21644489301187,0.27985698715417584,24.960928076626587,-0.09639145183160149,14.49363509292441,4581817.196556163,46.30649426692753,120.63469046060278,0.31,-0.27,0.78,0.022,0.31,-0.27,0.78,0.022,0.31,-0.27,0.78,0.022
2023-07-25,121.36000061035156,123.1500015258789,121.0199966430664,122.20999908447266,122.20999908447266,52509600.0,0.6800003051757812,0.005579733120232078,122.12666575113933,0.23773942195708386,16.072374874835674,15.0,46.66819684956735,-4.271502685546878,121.31106910172242,0.33075292957796876,24.961000422032512,-0.03455493445415161,0.38534846703650755,7546076.894470643,53.010566848003236,120.8106270612071,0.25,-0.04,-0.79,0.022,0.25,-0.04,-0.79,0.022,0.25,-0.04,-0.79,0.022
2023-07-26,130.07000732421875,130.97999572753906,128.32000732421875,129.27000427246094,129.27000427246094,61682100.0,7.060005187988281,0.056162404388050646,129.5233357747396,5.8802313945770734,16.615654356850737,55.0,232.00580024070496,-4.128500366210943,122.06906292750705,0.9300507008369578,24.974803817757362,-0.0882656304359674,32.623433322196355,48301302.52414124,60.53271243903885,121.77464421043041,0.02,0.68,1.02,0.022,0.02,0.68,1.02,0.022,0.02,0.68,1.02,0.022
2023-07-27,131.6699981689453,133.24000549316406,128.7899932861328,129.39999389648438,129.39999389648438,44952100.0,0.1299896240234375,0.0010050615524495043,130.4766642252604,0.7333328637194825,17.361248524880715,60.0,206.9138107070001,-2.7994991302490178,122.76724682931442,1.3993566659809034,25.090224955941235,-0.16703867587473442,13.512732789671658,44257683.86261007,61.7519704055521,122.43798381830722,-0.75,-0.91,0.26,0.022,-0.75,-0.91,0.26,0.022,-0.75,-0.91,0.26,0.022
2023-07-28,130.77999877929688,133.74000549316406,130.57000732421875,132.5800018310547,132.5800018310547,36591200.0,3.1800079345703125,0.024277915725205546,132.29667154947916,1.385251987263647,18.118925270881462,65.0,199.51342173720974,2.1365013122558594,123.70179492471824,2.004775286831716,25.087778279269653,-0.14718874675485086,9.8762001873429,51124600.28859475,62.61477303839836,123.05769060317704,1.14,0.54,-0.32,0.022,1.14,0.54,-0.32,0.022,1.14,0.54,-0.32,0.022
2023-07-31,132.72999572753906,133.52999877929688,131.77999877929688,132.72000122070312,132.72000122070312,28055500.0,0.1399993896484375,0.0010554044555846076,132.67666625976562,0.2868175144927321,18.838718179582173,70.0,170.1370139746266,2.3654983520507784,124.56067171481205,2.4674277155975375,25.08458299632005,-0.10347554257086869,3.1187704676786026,46629662.43980304,62.68966168568791,123.55957072148216,0.26,1.08,-0.09,0.022,0.26,1.08,-0.09,0.022,0.26,1.08,-0.09,0.022
2023-08-01,130.77999877929688,132.6300048828125,130.67999267578125,131.5500030517578,131.5500030517578,23166800.0,-1.1699981689453125,-0.008854624395007171,131.62000020345053,-0.7996103019478618,19.297554067640167,70.0,128.28531702406602,1.0130016326904325,125.22632231833069,2.708452668069725,24.977744766311403,-0.1173345137174054,-8.417270434549657,39607302.81883872,61.75939864176186,123.89914785498333,-0.35,-0.16,0.31,0.02,-0.35,-0.16,0.31,0.02,-0.35,-0.16,0.31,0.02
2023-08-02,129.4499969482422,130.08999633789062,127.55999755859375,128.3800048828125,128.3800048828125,26273300.0,-3.1699981689453125,-0.024392376767074175,128.67666625976562,-2.261618975199653,19.144308160409032,70.0,70.83833248496798,-0.2084980010986328,125.52667303875754,2.6135469772637663,24.88329618582624,-0.14939085959323967,-27.25162494995406,27903148.94160162,57.97175533178087,124.17867903069653,-1.49,-0.18,0.59,0.02,-1.49,-0.18,0.59,0.02,-1.49,-0.18,0.59,0.02
2023-08-03,127.97000122070312,129.38999938964844,127.41999816894531,128.4499969482422,128.4499969482422,20089500.0,0.0699920654296875,0.0005450458798694768,128.4199981689453,-0.19966667141462224,18.97356812494244,70.0,59.51280474079018,-2.355501174926758,125.80508483966084,2.5149900682932156,24.736711924277238,-0.17691807184715436,-4.118553998433724,25379621.00415858,58.22049090766107,124.45772735143993,-0.2,-0.05,0.08,0.02,-0.2,-0.05,0.08,0.02,-0.2,-0.05,0.08,0.02
2023-08-04,129.27999877929688,131.50999450683594,127.91000366210938,128.11000061035156,128.11000061035156,26130000.0,-0.339996337890625,-0.0026504251649397403,129.17666625976562,0.5874845225877223,19.083324821902256,70.0,64.11467908873567,-5.617002868652349,126.02460062734568,2.3819900463530104,24.75635790928777,-0.1809049008075584,17.979292579403683,22116409.06956424,58.582156670781295,124.76591520122335,-0.49,0.04,0.77,0.02,-0.49,0.04,0.77,0.02,-0.49,0.04,0.77,0.02
2023-08-07,129.16000366210938,131.61000061035156,129.02000427246094,131.52999877929688,131.52999877929688,22746300.0,3.4199981689453125,0.02634567856727088,130.72000122070312,1.1876667116547779,19.200186014192948,70.0,79.17203184357248,-5.5510032653808565,126.54892426086485,2.5234629310011485,24.84592354022416,-0.1178946579710772,6.888841169199133,27418875.286775336,62.726071626635274,125.35040964865965,0.77,-1.15,0.57,0.02,0.77,-1.15,0.57,0.02,0.77,-1.15,0.57,0.02
2023-08-08,130.6199951171875,131.50999450683594,129.5399932861328,131.39999389648438,131.39999389648438,23535200.0,-0.1300048828125,-0.0009888935992723447,130.81666056315103,0.07391647976966453,19.311204146869105,70.0,72.92497151942227,-4.75400085449219,127.01093089282861,2.595175337939864,24.945981316352327,-0.10505680303983474,1.7577221474265428,24516154.69584733,65.93229685170948,125.81603659997761,-0.47,0.05,0.12,0.02,-0.47,0.05,0.12,0.02,-0.47,0.05,0.12,0.02
2023-08-09,131.66000366210938,132.0399932861328,129.0,129.66000366210938,129.66000366210938,24912900.0,-1.739990234375,-0.013330391609828851,130.23333231608072,-0.44690996657790194,19.30280604979574,35.0,57.29018661561366,-4.610500717163092,127.26322353752202,2.4829829846460854,24.992278867644007,-0.10611260547494808,-0.06097891790891165,18052882.561960828,62.10325080839192,126.26093105273253,-0.78,-0.08,-0.04,0.02,-0.78,-0.08,-0.04,0.02,-0.78,-0.08,-0.04,0.02
2023-08-10,131.32000732421875,132.0500030517578,129.4499969482422,129.69000244140625,129.69000244140625,20857800.0,0.029998779296875,0.00023133818179843502,130.39666748046875,0.12533874526994282,19.296306859197085,35.0,55.1448906287501,2.192004394531253,127.49434533789194,2.3691799553752446,25.06506257763836,-0.19199722135481254,2.867081532359245,16393151.702613926,60.88661049517379,126.58504896338167,0.01,-0.32,-0.67,0.02,0.01,-0.32,-0.67,0.02,0.01,-0.32,-0.67,0.02
2023-08-11,128.66000366210938,129.92999267578125,128.1699981689453,129.55999755859375,129.55999755859375,19569200.0,-0.1300048828125,-0.0010029307132866094,129.2199961344401,-0.9064744819158754,19.010482180460304,35.00000000000001,30.927741751171677,2.1149940490722656,127.69107412081593,2.2426480762022436,25.11845211781585,-0.18753593628854404,-15.289325666029132,14589604.725914087,57.10213534062148,126.73130585980061,-0.11,0.13,0.47,0.02,-0.11,0.13,0.47,0.02,-0.11,0.13,0.47,0.02
2023-08-14,129.38999938964844,131.3699951171875,128.9600067138672,131.3300018310547,131.3300018310547,24695600.0,1.7700042724609375,0.01356917808016167,130.55333455403647,1.02654889553504,18.966455059072633,35.0,51.5501533066239,4.961001968383783,128.0376386646482,2.2591530920185505,25.164350376129217,-0.12475472581901645,10.881089376908585,17363101.181635253,57.10286505799711,126.92951245222336,0.51,-0.65,-0.79,0.02,0.51,-0.65,-0.79,0.02,0.51,-0.65,-0.79,0.02
2023-08-15,131.10000610351562,131.4199981689453,129.27999877929688,129.77999877929688,129.77999877929688,19770700.0,-1.5500030517578125,-0.011872553752382942,130.15999857584634,-0.3017385201585121,18.932492108841558,35.0,41.00889043551112,4.800001525878912,128.20357772318616,2.122692070742744,25.17368852068845,-0.13930832477711513,2.002431185932092,12790934.846680641,57.56582638892656,127.15291128460242,-1.18,0.24,-1.04,0.02,-1.18,0.24,-1.04,0.02,-1.18,0.24,-1.04,0.02
2023-08-16,128.6999969482422,130.27999877929688,127.87000274658203,128.6999969482422,128.6999969482422,25216100.0,-1.0800018310546875,-0.008356608897181594,128.9499994913737,-0.9339723586235138,18.58121475717664,35.0,12.185310789581084,3.296503448486334,128.25085574462008,1.905433949935471,25.205497590381274,-0.1040075065606351,-12.18562515880037,8979090.178229332,58.50040402706946,127.4644412791313,-0.81,-0.41,-0.14,0.02,-0.81,-0.41,-0.14,0.02,-0.81,-0.41,-0.14,0.02
2023-08-17,129.8000030517578,131.99000549316406,129.2899932861328,129.9199981689453,129.9199981689453,33446300.0,1.220001220703125,0.009434771429759792,130.3999989827474,1.1181913308550229,18.531259122054035,35.0,42.144439617079826,-0.4094947814941463,128.40982168979392,1.8108251612116533,25.10482952956232,-0.09309740423847729,12.633730475721979,12010084.144874435,63.997708713268516,128.03297642542702,-0.87,-0.33,0.5,0.02,-0.87,-0.33,0.5,0.02,-0.87,-0.33,0.5,0.02
2023-08-18,128.50999450683594,129.25,126.37999725341797,127.45999908447266,127.45999908447266,30491300.0,-2.4599990844726562,-0.019116279616370413,127.69666544596355,-2.0948991398334726,17.875543553882846,30.0,-58.40716696580953,-0.711502838134777,128.31936239404902,1.51982603896343,25.009907925721667,-0.12981153096041675,-26.59040430789295,3722593.2658977173,68.04761571980697,129.0121102434849,0.04,0.41,-0.22,0.02,0.04,0.41,-0.22,0.02,0.04,0.41,-0.22,0.02
2023-08-21,127.18000030517578,128.72999572753906,126.55999755859375,128.3699951171875,128.3699951171875,25248700.0,0.9099960327148438,0.007114098356524323,127.88666280110677,0.1486774520430778,17.25261376412022,25.0,-77.57631705135951,-1.3934989929199162,128.32418455815744,1.3471075949232727,24.90356026807189,-0.07927130018025019,-1.4610811377277464,5556271.700689103,67.88516783578449,129.3250145507158,0.64,-0.69,-0.58,0.02,0.64,-0.69,-0.58,0.02,0.64,-0.69,-0.58,0.02
2023-08-22,128.50999450683594,130.27999877929688,128.32000732421875,129.0800018310547,129.0800018310547,22067500.0,0.7100067138671875,0.005515700309373983,129.22666931152344,1.0423564053277268,16.93298276562001,20.0,-44.9147967548436,1.6829990386962947,128.39616715557622,1.2530739353721003,24.852560527774838,-0.10345412933943048,14.699437721240248,6519300.410934348,66.31277731881397,129.9967097406733,-0.32,0.23,-1.05,0.02,-0.32,0.23,-1.05,0.02,-0.32,0.23,-1.05,0.02
2023-08-23,130.17999267578125,133.41000366210938,129.8699951171875,132.3699951171875,132.3699951171875,27819700.0,3.2899932861328125,0.025168613468885326,131.88333129882812,2.034968909363055,17.11511520028456,-70.0,106.33659932497683,1.3979946136474553,128.77462696144397,1.427570402305605,24.83775013162017,-0.05476305257111496,29.77604730179947,14615236.20248622,64.18539905408846,130.15211004180486,1.08,-0.1,-0.11,0.02,1.08,-0.1,-0.11,0.02,1.08,-0.1,-0.11,0.02
2023-08-24,133.9499969482422,134.25,129.57000732421875,129.77999877929688,129.77999877929688,28500700.0,-2.589996337890625,-0.019760295050991417,131.20000203450522,-0.5194785943651858,17.40676187319215,-70.0,62.44996664965726,-0.3609958648681584,128.87037665838233,1.3414061554012164,24.77246708213485,-0.04340331282449587,4.43363853360385,6193146.218695216,57.395683645615634,130.1821114837312,-1.43,-0.2,0.62,0.02,-1.43,-0.2,0.62,0.02,-1.43,-0.2,0.62,0.02
2023-08-25,129.5399932861328,130.75999450683594,127.25,129.8800048828125,129.8800048828125,26762900.0,0.100006103515625,0.0007702850423632057,129.29666646321616,-1.4613387985064286,17.192634290641763,-70.0,-39.88959005727497,-0.1959972381591797,128.9665317273757,1.2665895695838856,24.81209103397203,-0.03718437850601436,-38.09959509929802,5858223.0881317025,51.15817971745745,129.97970805447963,0.65,-0.07,-0.58,0.02,0.65,-0.07,-0.58,0.02,0.65,-0.07,-0.58,0.02
2023-08-28,131.30999755859375,132.5399932861328,130.13999938964844,131.00999450683594,131.00999450683594,20543300.0,1.1299896240234375,0.008662629406785527,131.22999572753906,1.4841972319326935,17.252528874046767,-70.0,85.65646765106415,-0.240501785278326,129.16114723018143,1.2836801396538249,24.863700282926622,-0.053476117548168126,27.278886795358964,7511127.160043035,50.37339434024522,129.8780914921189,0.63,-0.01,0.41,0.02,0.63,-0.01,0.41,0.02,0.63,-0.01,0.41,0.02
2023-08-29,132.24000549316406,136.57000732421875,132.24000549316406,134.57000732421875,134.57000732421875,43075600.0,3.5600128173828125,0.026810949944051643,134.4600067138672,2.4315330621816678,17.8245130628194,35.0,251.94951569629868,1.378502273559576,129.67627676294688,1.566430980386997,25.023456677204383,-0.040105732918403664,30.80978377264261,21400513.91779656,56.993291427235356,130.18490829498862,1.5,0.01,-0.11,0.02,1.5,0.01,-0.11,0.02,1.5,0.01,-0.11,0.02
2023-08-30,134.77999877929688,136.27999877929688,134.07000732421875,135.8800048828125,135.8800048828125,28315800.0,1.30999755859375,0.009687615046842346,135.41000366210938,0.7040433066365814,18.3678980421534,40.0,250.87268646234506,-0.5465007781982365,130.2671080124579,1.8746095813006605,25.09855491166478,0.013203446582114137,6.0096695188396545,22895096.294161543,62.32424604487371,130.54999400884682,0.41,0.24,-0.45,0.02,0.41,0.24,-0.45,0.02,0.41,0.24,-0.45,0.02
2023-08-31,136.00999450683594,138.0,135.7899932861328,136.1699981689453,136.1699981689453,30053800.0,0.2899932861328125,0.0021319124625316377,136.65333048502603,0.9140044412612625,19.084962254746518,44.99999999999999,241.70538707986876,-2.012502670288086,130.82928802736146,2.117830347505162,25.017003590174806,-0.02644791769267405,12.64797591186648,21544649.049267903,66.92349685076033,130.98190798540458,-0.08,-0.21,0.21,0.02,-0.08,-0.21,0.21,0.02,-0.08,-0.21,0.21,0.02
2023-09-01,137.4600067138672,137.4600067138672,134.85000610351562,135.66000366210938,135.66000366210938,21524600.0,-0.5099945068359375,-0.0037523091769600114,135.99000549316406,-0.48658904371965406,19.557891401086344,45.0,170.97403013005427,-1.1700016021728459,131.28935618305175,2.243569786607196,24.93334221256741,0.0023303513824894646,-8.972872728751966,18447308.40059088,62.41112194756572,131.2804095127095,0.26,0.66,0.59,0.021,0.26,0.66,0.59,0.021,0.26,0.66,0.59,0.021
2023-09-05,135.44000244140625,136.4199981689453,134.5800018310547,135.77000427246094,135.77000427246094,19403100.0,0.1100006103515625,0.0008105265678670648,135.59000142415366,-0.2945757037148944,19.946748145719884,45.0,129.21299414544126,-3.842000961303711,131.7160845725193,2.325290822779465,24.88496191089012,-0.02798853434414932,-6.211427005411906,16893693.585554834,58.34162008641777,131.46723510447572,-0.54,-1.37,-0.85,0.021,-0.54,-1.37,-0.85,0.021,-0.54,-1.37,-0.85,0.021
2023-09-06,136.02000427246094,136.52999877929688,133.6699981689453,134.4600067138672,134.4600067138672,18684500.0,-1.30999755859375,-0.0096955021075944,134.88666788736978,-0.5200708244818664,20.11065785637614,45.0,92.58263426503125,-3.085005569458019,131.9774104907429,2.258317005160194,24.90894816249237,-0.0855367437688681,-6.1227467053184625,12953660.921831049,54.248233277719244,131.62224093326148,-0.71,0.0,-0.18,0.021,-0.71,0.0,-0.18,0.021,-0.71,0.0,-0.18,0.021
2023-09-07,133.58999633789062,135.5800018310547,132.9499969482422,135.25999450683594,135.25999450683594,18844300.0,0.79998779296875,0.005932004561937099,134.59666442871094,-0.2152293190948562,20.10507846460927,45.0,74.41404001795742,-2.6549983978271428,132.29003753989463,2.2439255246393657,24.933369499039223,-0.03040647762719564,-11.653665401776946,13155713.211851047,54.82548733903963,131.8017897475399,-0.4,-0.63,0.03,0.021,-0.4,-0.63,0.03,0.021,-0.4,-0.63,0.03,0.021
2023-09-08,134.91000366210938,136.66000366210938,134.85000610351562,136.3800048828125,136.3800048828125,23558300.0,1.1200103759765625,0.008246331360597381,135.96333821614584,1.010264191306831,20.258556233454748,70.0,96.1395251394043,0.3004947662353459,132.67955823922014,2.2964239043703003,24.94156455415535,0.035313094336881026,11.44779676342618,14415696.757424152,55.151195082631766,132.0526738562534,0.12,-0.62,0.39,0.021,0.12,-0.62,0.39,0.021,0.12,-0.62,0.39,0.021
2023-09-11,136.5399932861328,137.47999572753906,135.7899932861328,136.9199981689453,136.9199981689453,20763400.0,0.5399932861328125,0.003951657393311159,136.72999572753906,0.5622869618659543,20.522473328704567,75.0,100.9728802678321,-2.6575016021728572,133.08340966109873,2.3544614280746714,24.833232903825348,0.026703634010739895,7.162529320880864,14110591.980268521,59.113043668869864,132.35250577350263,0.66,-0.26,-0.53,0.021,0.66,-0.26,-0.53,0.021,0.66,-0.26,-0.53,0.021
2023-09-12,136.25999450683594,136.8699951171875,135.19000244140625,135.33999633789062,135.33999633789062,18405500.0,-1.5800018310546875,-0.011606696543322137,135.79999796549478,-0.6824946930594322,20.627979676929503,75.0,71.06899840468662,-2.7579952239990178,133.29832267793606,2.2470609210572263,24.710029858630147,-0.05056446249445074,-5.522199294474878,9997133.3439118,54.91614313697143,132.56720282350392,-0.59,-0.25,1.02,0.021,-0.59,-0.25,1.02,0.021,-0.59,-0.25,1.02,0.021
2023-09-13,135.08999633789062,136.89999389648438,134.14999389648438,136.7100067138672,136.7100067138672,20749500.0,1.3700103759765625,0.010071839308694486,135.9199981689453,0.08832637491478224,20.47986411362743,75.0,67.09805284700374,-1.9745059967040959,133.62324496707234,2.246596269813125,24.687558083970842,0.005970699012203919,-6.6929970733481525,11752361.625094075,58.9314247589519,132.79990745294901,0.03,-0.79,-0.22,0.021,0.03,-0.79,-0.22,0.021,0.03,-0.79,-0.22,0.021
2023-09-14,137.60000610351562,138.6999969482422,136.24000549316406,138.10000610351562,138.10000610351562,24751000.0,1.3899993896484375,0.010116161557408354,137.68000284830728,1.286570869904935,20.62205031208361,90.0,99.25358315359081,1.1155063629150277,134.04960317054312,2.3315131323167293,24.649236097381266,0.0467804158355762,19.331345794685035,13909648.603007827,63.87897388425947,133.23303401485774,0.84,0.22,0.86,0.021,0.84,0.22,0.86,0.021,0.84,0.22,0.86,0.021
2023-09-15,137.97999572753906,138.52000427246094,136.47999572753906,137.39999389648438,137.39999389648438,38908400.0,-0.70001220703125,-0.005081769244856815,137.46666463216147,-0.15507239164582742,20.757127200616978,90.0,87.72860790150698,2.051504135131836,134.36868800158516,2.3156320578505074,24.60094317632281,0.07385701749296336,0.15728677124438536,9990981.597382825,56.53828265815788,133.74334408922914,-1.21,0.15,0.25,0.021,-1.21,0.15,0.25,0.021,-1.21,0.15,0.25,0.021
2023-09-18,136.61000061035156,139.16000366210938,136.61000061035156,138.2100067138672,138.2100067138672,21861300.0,0.8100128173828125,0.005877980826486606,137.99333699544272,0.38239526751358,20.986507019387908,100.0,98.53059348225621,1.8039970397949219,134.73452787894536,2.3414170583550913,24.6332807943759,0.1013718638331498,4.490842824173185,10725929.369503591,61.7708551924016,134.2980824223621,-0.04,-0.81,-0.19,0.021,-0.04,-0.81,-0.19,0.021,-0.04,-0.81,-0.19,0.021
2023-09-19,137.4199981689453,138.41000366210938,136.6199951171875,138.0399932861328,138.0399932861328,20353700.0,-0.170013427734375,-0.0012308666005358404,137.68999735514322,-0.22006391023392524,21.20441784722029,95.0,89.75338551570388,0.8105026245117131,135.0493341082013,2.321373841627974,24.62595772077151,0.09240951014510192,-3.2539935148223615,9374850.162495902,57.32486167251516,134.7646335403882,-0.27,-0.12,-0.01,0.021,-0.27,-0.12,-0.01,0.021,-0.27,-0.12,-0.01,0.021
2023-09-20,138.0800018310547,138.0800018310547,133.6199951171875,133.74000549316406,133.74000549316406,29927500.0,-4.29998779296875,-0.03164579189339989,135.14666748046875,-1.8644147761215812,20.656725133300494,75.0,2.4935645560753095,0.6875030517578011,134.92463614486442,1.9361970947060456,24.788403988869646,0.044499913364956,-24.813015660669844,-3773981.726701066,52.11744798583636,135.03042612669165,-0.95,-0.1,0.27,0.021,-0.95,-0.1,0.27,0.021,-0.95,-0.1,0.27,0.021
2023-09-21,131.44000244140625,132.22999572753906,130.07000732421875,130.44000244140625,130.44000244140625,31488700.0,-3.3000030517578125,-0.024984288061470572,130.91333516438803,-3.1825073845541674,19.830376946700106,75.0,-147.32318830483476,-0.5259948730468693,134.4975281731065,1.3491074102855976,24.883512407486087,-0.019348783075840443,-32.239942912358984,-13311012.619004415,46.403679218455984,134.9473212677991,-1.69,0.19,0.38,0.021,-1.69,0.19,0.38,0.021,-1.69,0.19,0.38,0.021
2023-09-22,130.75999450683594,132.02999877929688,129.60000610351562,130.25,130.25,26397300.0,-0.19000244140625,-0.0014576890043409563,130.62666829427084,-0.2192146372443915,19.13092506550592,75.0,-153.48454679410764,0.2504928588867301,134.0930016804297,0.8586055264789252,24.93097806684379,0.0076688854495605505,-3.0838203970177966,-12520968.697816681,46.602163467028014,134.93294230886343,-0.25,0.02,-0.5,0.021,-0.25,0.02,-0.5,0.021,-0.25,0.02,-0.5,0.021
2023-09-25,129.8300018310547,131.1699981689453,128.9600067138672,131.11000061035156,131.11000061035156,20094600.0,0.8600006103515625,0.006580989533097714,130.41333516438803,-0.1634486473723662,18.583915610044013,75.0,-169.3958934659387,1.3090034484863224,133.80890634042225,0.5331285376957453,24.92103300310431,0.01914398585532469,-8.248452774917608,-9682650.891855998,47.184372284548516,135.0535428364541,0.39,-0.11,0.35,0.021,0.39,-0.11,0.35,0.021,0.39,-0.11,0.35,0.021
2023-09-26,129.77000427246094,130.36000061035156,127.22000122070312,128.57000732421875,128.57000732421875,25718700.0,-2.5399932861328125,-0.01956311010363887,128.71666971842447,-1.3095277738302435,18.37020304504117,-30.0,-208.09410077583237,1.9709960937499886,133.3099635769743,0.06942911297241494,24.979006677796434,0.02301486358513039,-15.566510022126282,-14981953.2191139,42.78247973421566,134.885654015078,-1.46,0.39,-0.5,0.021,-1.46,0.39,-0.5,0.021,-1.46,0.39,-0.5,0.021
2023-09-27,128.57000732421875,130.89999389648438,128.57000732421875,130.5399932861328,130.5399932861328,22746500.0,1.9699859619140625,0.01520608171264115,130.00333150227866,0.9946447011548898,18.04538884978805,-30.0,-136.48784757717078,0.5924949645996094,133.04615688260844,-0.1375094947689206,25.040247499051386,0.04975287943210606,9.67989185033101,-9287454.276086079,40.28693242189767,134.69350679701617,0.13,0.69,0.12,0.021,0.13,0.69,0.12,0.021,0.13,0.69,0.12,0.021
2023-09-28,129.83999633789062,133.3000030517578,129.7899932861328,132.30999755859375,132.30999755859375,22513100.0,1.7700042724609375,0.013467993826576041,131.79999796549478,1.3725529564276862,17.229732920892296,-30.0,-73.65530338207641,2.141005706787098,132.97604647079754,-0.15687690081134065,25.073202730448834,0.033048481511546546,28.219610388713555,-4607860.23204547,39.47962430096869,134.51431344655384,0.65,0.16,0.03,0.021,0.65,0.16,0.03,0.021,0.65,0.16,0.03,0.021
2023-09-29,133.27999877929688,134.0500030517578,130.36000061035156,130.86000061035156,130.86000061035156,30848100.0,-1.4499969482421875,-0.011019581496402253,131.7566680908203,-0.0328808796326463,16.428922328976938,-29.999999999999993,-65.41358946578407,3.7965049743652344,132.7745182936122,-0.28593229570932976,25.028697877303646,0.02719353786517406,7.8948626480096324,-8428983.14890493,33.09739976529829,134.2015583827196,-0.27,-0.03,0.3,0.021,-0.27,-0.03,0.3,0.021,-0.27,-0.03,0.3,0.021
2023-10-02,131.2100067138672,134.4199981689453,131.1699981689453,134.1699981689453,134.1699981689453,22288000.0,3.30999755859375,0.024979584849356584,133.25333150227866,1.129526679091164,15.741323455122094,-30.0,-23.194928057142857,3.170993041992176,132.90742113888203,-0.11974019534886793,24.984870460091607,0.08364880383479881,8.603230878250768,-600201.3646342233,37.706461374671086,134.07688975694646,-0.14,-0.92,-1.05,0.021,-0.14,-0.92,-1.05,0.021,-0.14,-0.92,-1.05,0.021
2023-10-03,133.94000244140625,134.25999450683594,131.83999633789062,132.42999267578125,132.42999267578125,22989400.0,-1.7400054931640625,-0.013053490322576522,132.84332784016928,-0.3081616940133536,15.088104524959991,-30.0,-30.189468364331223,4.148006439208984,132.86195176144386,-0.12697200568527478,24.95879438276421,0.0467645222418767,2.68424963834449,-4352723.357006764,37.459308250917374,133.9571161784802,-1.5,-0.33,-0.14,0.021,-1.5,-0.33,-0.14,0.021,-1.5,-0.33,-0.14,0.021
2023-10-04,132.7899932861328,135.57000732421875,132.52999877929688,135.24000549316406,135.24000549316406,26752300.0,2.8100128173828125,0.02099686982504867,134.44667053222656,1.1997171108657056,14.73482065014754,-30.0,11.960741898034676,3.93899307250976,133.08843306922674,0.09296958709805381,24.87252425352004,0.10580840344144726,11.36362756976575,3221279.428848186,42.3253058013419,133.9483981046492,0.77,-0.28,-0.39,0.021,0.77,-0.28,-0.39,0.021,0.77,-0.28,-0.39,0.021
2023-10-05,135.07000732421875,135.49000549316406,133.4499969482422,135.07000732421875,135.07000732421875,19832600.0,-0.1699981689453125,-0.001257801659551916,134.67000325520834,0.16597468384818015,14.399200969075713,-30.0,17.66615628198758,-0.3514953613281193,133.27715442684502,0.25066790885463774,24.811666727476837,0.10031538936154177,4.320158998315797,2593395.1322507584,46.300045040203315,133.95266572901107,-0.15,0.31,0.08,0.021,-0.15,0.31,0.08,0.021,-0.15,0.31,0.08,0.021
2023-10-06,134.00999450683594,138.16000366210938,134.00999450683594,137.5800018310547,137.5800018310547,27583200.0,2.5099945068359375,0.018412362608859034,136.58333333333334,1.4107563322138361,14.587854982332587,-30.0,65.96935558813142,-3.711498260498047,133.68694941772213,0.5715915927265485,24.888983146628114,0.10678011676145362,24.29832622897488,8940088.974984689,46.75694096930862,134.00356590980863,1.21,-0.29,-0.55,0.021,1.21,-0.29,-0.55,0.021,1.21,-0.29,-0.55,0.021
2023-10-09,136.94000244140625,138.94000244140625,135.61000061035156,138.4199981689453,138.4199981689453,19278100.0,0.839996337890625,0.006086948778579071,137.65666707356772,0.7827736429468324,14.901357358702118,44.99999999999999,90.96171127648108,-3.9765007019042855,134.13771596545766,0.8835219179539138,24.981569552849223,0.11977486588115462,20.55550240346487,9630893.206080362,46.607843917575636,134.03156033047298,0.58,-0.32,0.26,0.021,0.58,-0.32,0.26,0.021,0.58,-0.32,0.26,0.021
2023-10-10,138.5,139.72000122070312,137.3300018310547,138.05999755859375,138.05999755859375,27786600.0,-0.3600006103515625,-0.0026041725937968607,138.37000020345053,0.5168592766332303,15.331328695055422,45.0,101.33266491933756,-3.252500152587885,134.51126659337538,1.0891251506486697,25.072683981094475,0.1261042508912352,10.751582550799835,7760980.23792083,51.37576357545343,134.20655935503544,0.61,0.15,0.64,0.021,0.61,0.15,0.64,0.021,0.61,0.15,0.64,0.021
2023-10-11,138.5800018310547,141.11000061035156,138.5800018310547,140.5500030517578,140.5500030517578,25884300.0,2.4900054931640625,0.017874963473841987,140.0800018310547,1.2282442897459056,15.965281006896964,55.0,129.01209131232622,-5.984493255615234,135.08638435131658,1.4364315386744977,25.109658296503245,0.11802491930431308,12.902020207529354,13160129.661614707,51.94933959162797,134.43584315198012,0.32,-0.67,0.39,0.021,0.32,-0.67,0.39,0.021,0.32,-0.67,0.39,0.021
2023-10-12,141.0500030517578,141.22000122070312,138.25999450683594,138.97000122070312,138.97000122070312,24765500.0,-1.5800018310546875,-0.011305227783086735,139.48333231608072,-0.4268588531320283,16.477387572249825,55.0,110.16377991058097,-4.058007049560558,135.45625262459149,1.566128060847916,25.147391474807975,0.06770412726809902,-1.2550146029841118,8180161.565557606,46.92749384051646,134.52384673659736,-0.81,-1.47,0.12,0.021,-0.81,-1.47,0.12,0.021,-0.81,-1.47,0.12,0.021
2023-10-13,139.3800048828125,140.0,136.6199951171875,137.36000061035156,137.36000061035156,23420500.0,-1.6100006103515625,-0.011652870249758251,137.9933319091797,-1.073974802668598,16.518281596598836,55.0,76.00900770793791,-2.2860031127929688,135.63756195656865,1.5214614348207363,25.256000361669223,0.050848407014622454,-20.637509933252943,3809953.864576998,48.42745450387957,134.45635184628958,-0.59,-0.47,0.06,0.021,-0.59,-0.47,0.06,0.021,-0.59,-0.47,0.06,0.021
2023-10-16,138.1699981689453,139.6300048828125,137.99000549316406,139.10000610351562,139.10000610351562,28501900.0,1.7400054931640625,0.012587921775348399,138.90667215983072,0.6596919823462777,16.557130919730398,55.0,93.60381212395822,-3.7805000305175724,135.96731854199217,1.6079314801535816,25.318804716707678,0.0592017672306462,2.877044011194318,8170288.026580407,49.15105484392294,134.55555538733014,1.14,0.61,-0.09,0.021,1.14,0.61,-0.09,0.021,1.14,0.61,-0.09,0.021
2023-10-17,138.6300048828125,139.89999389648438,137.17999267578125,139.72000122070312,139.72000122070312,23515800.0,0.6199951171875,0.004447285867399842,138.9333292643229,0.019188816899884387,16.375824327583906,55.0,91.00703834972205,-0.5545028686523494,136.3247168923456,1.7068129611426741,25.413066474853736,0.07567932365089436,-3.123145726070333,8780706.421835398,53.64421307736881,134.6334905156949,0.09,0.88,0.7,0.021,0.09,0.88,0.7,0.021,0.09,0.88,0.7,0.021
2023-10-18,139.4499969482422,140.72000122070312,137.3800048828125,137.9600067138672,137.9600067138672,23375000.0,-1.7599945068359375,-0.01267659194145665,138.6866709391276,-0.17769497148449886,16.36961056915573,55.0,77.36811661584692,-2.5055084228515625,136.48045878010956,1.6244349247780576,25.49078796993666,0.10302229038493559,7.287404275832968,4026365.658109166,54.28863791670621,134.7936118533047,-1.47,-0.63,-0.17,0.021,-1.47,-0.63,-0.17,0.021,-1.47,-0.63,-0.17,0.021
2023-10-19,138.5,139.66000366210938,137.3800048828125,137.75,137.75,26066000.0,-0.2100067138671875,-0.0015233887009324931,138.26333618164062,-0.3057122775299348,16.363707498648957,55.0,62.003251910506926,-0.060995483398443184,136.60136746771818,1.5246289769499697,25.512300778225807,0.11047309613123038,-4.635911032861616,3121565.5950833308,54.71299239188464,135.22722753760993,-0.92,-0.5,-0.22,0.021,-0.92,-0.5,-0.22,0.021,-0.92,-0.5,-0.22,0.021
2023-10-20,137.3300018310547,137.8699951171875,135.0800018310547,135.60000610351562,135.60000610351562,26315200.0,-2.149993896484375,-0.01573102751555311,136.18333435058594,-1.5158075361063617,15.742167246899623,55.0,15.640187208144505,-0.4984939575195426,136.5059997187465,1.2575492599639801,25.553396389810924,0.10186283731926304,-21.68158496789246,-2564061.545854665,54.60141728805802,135.52624821969803,-1.32,0.06,-0.15,0.021,-1.32,0.06,-0.15,0.021,-1.32,0.06,-0.15,0.021
2023-10-23,135.0399932861328,137.66000366210938,133.9499969482422,136.5,136.5,26317900.0,0.899993896484375,0.0066151941075434095,136.0366668701172,-0.10775658952537626,15.028402014513564,55.0,7.1263476802852646,1.7420005798339844,136.50542831696112,1.1057621086550284,25.623892328621476,0.08217067989252093,-9.444893798767499,-64060.50641268445,53.824094398517516,135.76023692839172,-0.23,-0.26,-0.78,0.021,-0.23,-0.26,-0.78,0.021,-0.23,-0.26,-0.78,0.021
2023-10-24,137.8300018310547,139.36000061035156,137.4199981689453,138.80999755859375,138.80999755859375,44814300.0,2.30999755859375,0.016781459373888197,138.52999877929688,1.8162441120873396,14.589314928232644,55.00000000000001,61.437579484492026,2.0699974060058537,136.7249111018785,1.1585125832876315,25.66093082088566,0.12375126453555808,11.190411397500071,9801176.074206417,60.436185978702916,136.35232324609927,0.71,0.25,-0.58,0.021,0.71,0.25,-0.58,0.021,0.71,0.25,-0.58,0.021
2023-10-25,128.16000366210938,128.30999755859375,125.06999969482422,125.61000061035156,125.61000061035156,84366200.0,-13.199996948242188,-0.09992420044064065,126.32999928792317,-9.218937465265054,15.500443687982363,-50.0,-238.1209181487274,1.956496429443348,135.66634819792355,0.13364767058118332,25.57122573697585,-0.01413012626514591,-44.93265961727056,-97192610.45998372,50.678619958372245,135.13764715227714,-1.58,-0.3,0.84,0.021,-1.58,-0.3,0.84,0.021,-1.58,-0.3,0.84,0.021
2023-10-26,123.2699966430664,124.33000183105469,121.2699966430664,122.27999877929688,122.27999877929688,57061100.0,-3.3300018310546875,-0.02686838651847978,122.62666575113933,-2.9753023304890824,16.72345366680979,-55.0,-260.57223412486695,4.948001861572266,134.39145777710198,-0.9364733919433945,25.5462775666839,-0.061074034279003764,-20.860828679425154,-106032701.60493715,44.5718729682028,134.09353272391854,-1.15,0.85,1.66,0.021,-1.15,0.85,1.66,0.021,-1.15,0.85,1.66,0.021
2023-10-27,122.87999725341797,123.30999755859375,120.20999908447266,122.16999816894531,122.16999816894531,44566500.0,-0.1100006103515625,-0.000899984611574034,121.89666493733723,-0.5970824792069784,17.976258547972304,-60.0,-222.34582611533042,3.8025001525878963,133.2275092429918,-1.7729902458360698,25.547798783960236,-0.004933850919797339,-7.234136069063772,-96401238.80458437,43.840743540092205,133.33973792183937,-0.53,-0.35,-0.57,0.021,-0.53,-0.35,-0.57,0.021,-0.53,-0.35,-0.57,0.021
2023-10-30,123.20999908447266,125.4000015258789,122.75,124.45999908447266,124.45999908447266,28940100.0,2.2900009155273438,0.018570869356866915,124.20333353678386,1.874633210156862,18.747056573523093,-60.0,-152.96173916633666,2.677999496459961,132.3925082755138,-2.2254977905721773,25.555002272277203,-0.02141344620556667,21.198129937836967,-80908467.91886653,44.25813661638833,132.92450435883669,1.15,-0.39,0.28,0.021,1.15,-0.39,0.28,0.021,1.15,-0.39,0.28,0.021
2023-10-31,125.05999755859375,125.37000274658203,122.69000244140625,124.08000183105469,124.08000183105469,26292300.0,-0.37999725341796875,-0.0030578381597425874,124.04666900634766,-0.12621514572312975,19.48525751571723,-60.0,-130.42907037550233,4.835504531860352,131.60084099508913,-2.584977866742662,25.507637770654792,-0.0012201723986193513,-0.45867081429083373,-74154423.52526413,44.14911988744916,132.5601045929754,0.63,0.05,-0.08,0.021,0.63,0.05,-0.08,0.021,0.63,0.05,-0.08,0.021
2023-11-01,124.06999969482422,126.48999786376953,123.72000122070312,126.44999694824219,126.44999694824219,30082400.0,2.3699951171875,0.018920415356534548,125.55333201090495,1.2072766813007618,19.960408786611897,-60.0,-94.4726253214502,5.89500007629394,131.11028441919893,-2.648103924288762,25.484116794242095,0.011732026201023761,9.898604958173188,-60302084.03587885,44.26833830423514,132.1511117567945,0.93,-0.63,-0.03,0.021,0.93,-0.63,-0.03,0.021,0.93,-0.63,-0.03,0.021
2023-11-02,128.4199981689453,128.97999572753906,126.93000030517578,127.48999786376953,127.48999786376953,27124600.0,1.0400009155273438,0.00819096441210121,127.7999979654948,1.7735901458298287,19.93806708327897,-60.0,-60.89166916775435,4.514006042480474,130.76549522344374,-2.5844208031869016,25.361740445547397,-0.025504896046446887,21.539428510247443,-51872399.00071773,44.788749866794284,131.89110643424203,1.95,0.48,1.64,0.021,1.95,0.48,1.64,0.021,1.95,0.48,1.64,0.021
2023-11-03,128.02000427246094,129.52999877929688,127.86000061035156,129.10000610351562,129.10000610351562,26380100.0,1.6100082397460938,0.012549431736053052,128.8300018310547,0.8027193992398374,19.81649862241853,-60.0,-44.43040584690893,4.72799911499024,130.606877212022,-2.376640825327513,25.14886791532134,-0.03652834551872823,4.684597283770754,-42887201.15633262,44.548710164699536,131.56517413301938,1.1,1.61,0.59,0.021,1.1,1.61,0.59,0.021,1.1,1.61,0.59,0.021
2023-11-06,129.0500030517578,130.33999633789062,128.6699981689453,130.25,130.25,19052700.0,1.149993896484375,0.008868335503454894,129.75333150227866,0.7141478018120928,19.551945383681183,-60.0,-30.591612408265863,2.9865051269531193,130.57288890611514,-2.0950286136061322,24.911654095492953,-0.030736335642405178,7.099751949601557,-36715992.59748686,44.42975756883239,131.32945264958022,0.01,-1.06,-0.65,0.021,0.01,-1.06,-0.65,0.021,0.01,-1.06,-0.65,0.021
2023-11-07,130.7100067138672,131.91000366210938,129.8800048828125,130.97000122070312,130.97000122070312,29757300.0,0.720001220703125,0.0055126180283142645,130.92000325520834,0.8951276462575208,19.0187908495082,-60.0,-14.670265889240087,4.240998840332026,130.61070912655208,-1.7930813006218216,24.736148203979734,-0.010520190745276261,9.482421294510303,-31178727.366790105,44.463209992164984,131.0080528915483,0.35,-0.02,-1.21,0.021,0.35,-0.02,-1.21,0.021,0.35,-0.02,-1.21,0.021
2023-11-08,130.97000122070312,132.2100067138672,130.77999877929688,131.83999633789062,131.83999633789062,26425800.0,0.8699951171875,0.006620739722449365,131.61000061035156,0.5256533986726986,18.45892501048616,-60.0,-2.5855898259637327,6.986496734619152,130.72778409906053,-1.466677598187573,24.53008201021486,-0.01309981697248,3.2468367229118678,-26019770.76349834,44.36602711356914,130.6697741698299,-0.04,-0.82,-0.44,0.021,-0.04,-0.82,-0.44,0.021,-0.04,-0.82,-0.44,0.021
2023-11-09,131.9600067138672,132.5500030517578,130.07000732421875,130.24000549316406,130.24000549316406,23747800.0,-1.5999908447265625,-0.012210093952767842,130.95333862304688,-0.5001942451907659,18.036918026950364,-40.00000000000001,-5.705938566969381,-5.777000427246094,130.68132899373705,-1.3218685243703874,24.43839844830769,-0.024894383162574103,-1.931939610901462,-27160389.031964924,44.54752215871929,130.34237833552135,-0.89,-1.08,0.49,0.021,-0.89,-1.08,0.49,0.021,-0.89,-1.08,0.49,0.021
2023-11-10,130.10000610351562,132.8000030517578,129.41000366210938,132.58999633789062,132.58999633789062,26913300.0,2.3499908447265625,0.017882688075354203,131.6000010172526,0.4925960589198475,17.738562296114246,-40.0,7.031534204741882,-8.86850204467774,130.8631068360374,-1.0058864359101278,24.36593478148405,0.03180225646773082,-2.582203156625916,-18550255.92402737,48.5743089281749,130.11864259851532,1.49,-0.57,-0.44,0.021,1.49,-0.57,-0.44,0.021,1.49,-0.57,-0.44,0.021
2023-11-13,131.77999877929688,132.58999633789062,131.25,132.08999633789062,132.08999633789062,18324800.0,-0.5,-0.0037781517954043053,131.9766642252604,0.2858094164484015,17.455124351819936,-40.0,18.132588047349927,-8.628002166748047,130.9799534552615,-0.7867450681887362,24.219475339360574,0.02381591104621008,5.959628828121243,-17656174.407453332,47.6195828454121,129.7801777920914,-0.05,0.15,-0.27,0.021,-0.05,0.15,-0.27,0.021,-0.05,0.15,-0.27,0.021
2023-11-14,134.19000244140625,135.6999969482422,133.32000732421875,133.6199951171875,133.6199951171875,32395200.0,1.529998779296875,0.011516433243381918,134.2133331298828,1.680545149853696,16.589909320742205,-40.0,56.94359085807195,-6.033000946044922,131.23138599449254,-0.484036172985185,24.15284899415161,-0.04535324947222026,19.02807381438673,-11254194.325307481,48.29296712657187,129.66969087162994,2.18,2.99,1.18,0.021,2.18,2.99,1.18,0.021,2.18,2.99,1.18,0.021
2023-11-15,134.8699951171875,135.02999877929688,133.57000732421875,134.6199951171875,134.6199951171875,23861500.0,1.0,0.007456044356684899,134.40666707356772,0.1439460776722079,15.767955041218361,-15.0,66.12099771341995,-6.245997619628895,131.55411067284444,-0.16158292263497742,24.067620533910567,-0.005682778588856175,-1.2849019085317666,-7909842.484802006,52.12943130202068,129.51904385693288,0.18,-0.04,0.49,0.021,0.18,-0.04,0.49,0.021,0.18,-0.04,0.49,0.021
2023-11-16,135.19000244140625,137.22000122070312,134.32000732421875,136.92999267578125,136.92999267578125,28013200.0,2.30999755859375,0.01701383454387173,136.15666707356772,1.293615345029142,15.355714873493085,-15.0,98.13645778260806,-3.8350021362304574,132.0660994350289,0.27716610066266867,24.05128902147839,0.05582685910751626,15.217806490738806,-993626.6664019646,56.52695902498642,129.45452213792612,-0.11,-1.4,-0.31,0.021,-0.11,-1.4,-0.31,0.021,-0.11,-1.4,-0.31,0.021
2023-11-17,136.0,136.05999755859375,133.64999389648438,135.30999755859375,135.30999755859375,37240600.0,-1.6199951171875,-0.011901368622866393,135.00666300455728,-0.8482053701339254,14.83461751802973,-15.0,81.27571585103466,-2.780500793457037,132.37504211346365,0.48852636767961144,24.022429945048433,0.10110230574006501,-5.921424316802332,-6644670.808757284,55.574338742458856,129.4994005100086,0.25,0.99,0.62,0.021,0.25,0.99,0.62,0.021,0.25,0.99,0.62,0.021
2023-11-20,133.69000244140625,136.66000366210938,133.6199951171875,136.25,136.25,27815500.0,0.94000244140625,0.006923009310859207,135.50999959309897,0.37213025220887985,14.445084312212288,-15.0,90.62589687288896,-1.1579925537109261,132.7440857217052,0.7235407161648482,24.126901162905178,0.11663493341775029,3.1148588669861295,-3521689.0261198715,59.84119020206622,129.49207318110626,0.73,0.0,-0.28,0.021,0.73,0.0,-0.28,0.021,0.73,0.0,-0.28,0.021
2023-11-21,136.2899932861328,137.17999267578125,135.9600067138672,136.97000122070312,136.97000122070312,22635300.0,0.720001220703125,0.005270499115569649,136.70333353678384,0.8767693885503469,14.167274423158478,-15.0,114.49398897227947,0.08400115966796307,133.1465538644669,0.9568592835394156,24.126287108246945,0.11355515338188084,7.707343387749569,-1634152.5825864128,58.33027397710906,129.11484905733812,-0.32,-0.79,-0.61,0.021,-0.32,-0.79,-0.61,0.021,-0.32,-0.79,-0.61,0.021
2023-11-22,137.47000122070312,139.4199981689453,137.47000122070312,138.49000549316406,138.49000549316406,17813900.0,1.5200042724609375,0.011036227860400594,138.46000162760416,1.2768357787541262,14.279495299916146,90.0,130.2229476826374,0.16000213623047443,133.65545401958093,1.250008253689714,24.07318949310843,0.22605299646780064,20.524670498622434,1100262.3404400928,68.04537916880582,129.81364790629098,0.42,0.21,-0.05,0.021,0.42,0.21,-0.05,0.021,0.42,0.21,-0.05,0.021
2023-11-24,138.02999877929688,138.1300048828125,135.99000549316406,136.69000244140625,136.69000244140625,12514300.0,-1.8000030517578125,-0.013082554493863086,136.9366709391276,-1.1062923968784055,14.07001310825529,90.0,98.45749979109809,0.30949707031248863,133.94445863118332,1.3218482774143467,24.06209806348393,0.2734882890577993,-23.684004692993973,-1149836.7577554202,73.23423466768614,130.75578678642313,0.11,0.59,0.19,0.021,0.11,0.59,0.19,0.021,0.11,0.59,0.19,0.021
2023-11-27,136.02999877929688,138.4199981689453,136.0,136.41000366210938,136.41000366210938,23436500.0,-0.279998779296875,-0.0020505226740912263,136.9433339436849,0.004865637826600988,13.92080075625247,90.0,91.02747571092472,-2.0024940490722543,134.17927244365248,1.3407333132955728,24.069810229810123,0.23121968054016392,1.5488018895533047,-1665299.1037778764,80.44747697310092,131.81685067347885,-0.23,-0.11,-0.08,0.021,-0.23,-0.11,-0.08,0.021,-0.23,-0.11,-0.08,0.021
2023-11-28,136.0800018310547,137.25,135.4199981689453,137.1999969482422,137.1999969482422,18730000.0,0.7899932861328125,0.005774609697282607,136.62333170572916,-0.23394837463008855,13.652473975029835,80.0,77.01918853092135,-0.2895030975341797,134.46696049170865,1.4032696769020276,23.994242085750418,0.2546036593481375,-8.54912761437721,-97501.64158307109,76.26531614529341,132.43936981325584,0.06,-0.29,0.05,0.021,0.06,-0.29,0.05,0.021,0.06,-0.29,0.05,0.021
2023-11-29,137.57000732421875,138.2899932861328,134.83999633789062,134.99000549316406,134.99000549316406,23967200.0,-2.209991455078125,-0.016238950734797974,136.03999837239584,-0.4278787493274372,13.586119848537711,80.0,59.50057347439949,-1.3350032806396541,134.51677430137107,1.2599781114945756,24.085467377447056,0.2097213693602801,3.3107102962319637,-5132721.2187797725,76.26644161223263,133.05795223484108,0.02,0.44,0.69,0.021,0.02,0.44,0.69,0.021,0.02,0.44,0.69,0.021
2023-11-30,135.0500030517578,135.5500030517578,131.27999877929688,132.52999877929688,132.52999877929688,38988300.0,-2.4600067138671875,-0.01839171663203487,133.12000020345053,-2.169796957361303,13.017125788910471,75.0,-14.020681268412158,-0.10900459289550213,134.32755758498305,0.9371140632857191,24.255700288560135,0.11619684836787145,-34.49877885471836,-13778317.270540562,69.06794159904786,133.50966281177278,0.35,-0.45,0.02,0.021,0.35,-0.45,0.02,0.021,0.35,-0.45,0.02,0.021
2023-12-01,131.86000061035156,132.11000061035156,130.6699981689453,131.86000061035156,131.86000061035156,31431200.0,-0.6699981689453125,-0.0050682673678803525,131.54666646321616,-1.1889311890453058,12.588076848670955,70.0,-63.150372791489325,0.6724952697753963,134.0925521588277,0.6200313902343169,24.288239234415258,0.17964346895555505,-9.277428609524952,-14471701.001703735,63.300712581889016,133.69255426365538,0.82,2.05,1.06,0.021,0.82,2.05,1.06,0.021,0.82,2.05,1.06,0.021
2023-12-04,129.8800048828125,130.02999877929688,127.9000015258789,129.27000427246094,129.27000427246094,36669900.0,-2.589996337890625,-0.01983748496740656,129.06666819254556,-1.903258815404829,12.650088716551844,65.0,-131.7124717722254,2.9739929199218693,133.6332618839356,0.1579295152741622,24.277110839141443,0.17167403853399799,-14.08578074791487,-22138672.974000085,57.19043076398663,133.61298252822874,-0.44,1.41,0.5,0.021,-0.44,1.41,0.5,0.021,-0.44,1.41,0.5,0.021
2023-12-05,128.9499969482422,132.13999938964844,128.25,130.99000549316406,130.99000549316406,27384800.0,1.720001220703125,0.013217752998776255,130.46000162760416,1.0737600287114901,12.293252734245435,-35.0,-96.0648408763101,1.3169975280761719,133.3815231800526,-0.0687078052256993,24.378819098621427,0.1579707509699098,17.472092067742594,-15544333.697551414,57.85825259566823,133.58872993752178,-0.21,-0.83,-0.83,0.021,-0.21,-0.83,-0.83,0.021,-0.21,-0.83,-0.83,0.021
2023-12-06,131.44000244140625,131.83999633789062,129.8800048828125,130.02000427246094,130.02000427246094,23576200.0,-0.970001220703125,-0.007432708708956959,130.5800018310547,0.0919400937125836,11.954258551054345,-34.99999999999999,-91.5386172047402,2.30449981689452,133.06137852218671,-0.322868677294764,24.421022806591793,0.11690719630985529,5.528440172940184,-16241915.514883757,57.36432031289842,133.6049781915345,-0.39,0.3,0.31,0.021,-0.39,0.3,0.31,0.021,-0.39,0.3,0.31,0.021
2023-12-07,135.0399932861328,138.55999755859375,134.6999969482422,136.92999267578125,136.92999267578125,56767100.0,6.9099884033203125,0.05178147521900911,136.72999572753906,4.602206729259883,12.162115846494363,-35.0,71.8898533078914,2.7700012207031364,133.42981796538618,0.032905995591704595,24.538743403944878,0.10337298104515846,39.23432862338008,22663029.07606941,59.832158316447625,134.02168586467621,0.81,0.05,0.47,0.021,0.81,0.05,0.47,0.021,0.81,0.05,0.47,0.021
2023-12-08,134.1999969482422,136.39999389648438,134.02999877929688,134.99000549316406,134.99000549316406,32233900.0,-1.9399871826171875,-0.014269050541506623,135.13999938964844,-1.1696873465971258,12.237336340769007,-35.0,23.262746479681972,4.0525054931640625,133.57840725374598,0.15651502678295515,24.64737304392806,0.1274400744059099,-10.403783782339856,14549087.940656692,58.84134839486796,134.21592812627892,0.44,0.02,0.53,0.021,0.44,0.02,0.53,0.021,0.44,0.02,0.53,0.021
2023-12-11,132.3800048828125,133.33999633789062,131.36000061035156,133.2899932861328,133.2899932861328,31138000.0,-1.70001220703125,-0.012673587068302794,132.663330078125,-1.849670747241916,11.847542864312775,-35.0,-53.8036022261076,2.2175025939941406,133.55093925683045,0.11596255291854618,24.74672091987433,0.13708375639588175,-18.21788017750727,8122033.841304716,53.71460362700775,134.2549739268224,0.34,-0.39,-0.12,0.021,0.34,-0.39,-0.12,0.021,0.34,-0.39,-0.12,0.021
2023-12-12,131.80999755859375,133.0,131.25999450683594,132.52000427246094,132.52000427246094,29032800.0,-0.769989013671875,-0.005793545573734349,132.25999959309897,-0.30448869651777954,11.460582551582297,-35.0,-67.11549569376419,1.9160034179687386,133.45275497260477,0.02144553608891897,24.823900650193337,0.14906589849857452,-1.3185201996577551,5219465.186310666,49.596469118984096,134.22688350654468,0.34,-0.43,-0.88,0.021,0.34,-0.43,-0.88,0.021,0.34,-0.43,-0.88,0.021
2023-12-13,133.3800048828125,133.5,131.57000732421875,132.57000732421875,132.57000732421875,30104800.0,0.0500030517578125,0.0003772533868753314,132.54667154947916,0.21651423442818896,11.172125921039322,-35.0,-53.2443811594206,2.7584960937500114,133.36868376799657,-0.04886180386347405,24.87435578718126,0.19382361828042166,2.596461037505254,4865738.204048564,49.362127104157544,134.1394272573395,1.55,1.72,1.35,0.021,1.55,1.72,1.35,0.021,1.55,1.72,1.35,0.021
2023-12-14,133.3800048828125,133.72000122070312,129.69000244140625,131.94000244140625,131.94000244140625,38722400.0,-0.6300048828125,-0.004763570760054847,131.78333536783853,-0.5775646227189846,10.6530755248682,-35.0,-67.80248744607111,0.6825042724609318,133.23261887974988,-0.15364587221165493,25.080551599205172,0.17882231369588916,-8.638169033852657,2078972.5584992962,44.10491578742516,133.973484317924,0.51,1.12,2.05,0.021,0.51,1.12,2.05,0.021,0.51,1.12,2.05,0.021
2023-12-15,131.6199951171875,133.50999450683594,131.17999267578125,132.60000610351562,132.60000610351562,50815200.0,0.660003662109375,0.004989831482653528,132.42999776204428,0.489501175262852,10.159977648505635,-35.00000000000001,-44.7135301622562,-1.5610031127929744,133.17237004391805,-0.18134083736217121,25.201755163894124,0.15367622196978747,2.9345195399241057,5075091.180625107,46.09889784209687,133.74502863241176,-0.06,-0.4,-0.57,0.021,-0.06,-0.4,-0.57,0.021,-0.06,-0.4,-0.57,0.021
2023-12-18,132.6300048828125,137.14999389648438,132.42999267578125,135.8000030517578,135.8000030517578,32258000.0,3.1999969482421875,0.023846113815748637,135.1266632080078,2.0158397506315318,10.198436741201222,-35.0,30.520372188725254,-2.2555015563964957,133.42262080656945,0.05429780219290592,25.345804832796478,0.15451664995107212,35.775316337618825,14422749.31165095,51.85722994145677,133.7410432987856,0.42,-0.38,-0.38,0.021,0.42,-0.38,-0.38,0.021,0.42,-0.38,-0.38,0.021
2023-12-19,136.83999633789062,137.47000122070312,136.0800018310547,136.64999389648438,136.64999389648438,25476800.0,0.8499908447265625,0.00623963011171913,136.73333231608072,1.1819964984459475,10.282387003570886,-35.0,71.82976141304974,-4.865497589111328,133.72998967227565,0.30610172903399757,25.434587705117963,0.11387759249825047,10.83008949983589,15111539.544153687,51.686900598067105,133.78581669163117,0.72,1.35,0.7,0.021,0.72,1.35,0.7,0.021,0.72,1.35,0.7,0.021
2023-12-20,138.97000122070312,141.6999969482422,138.07000732421875,138.33999633789062,138.33999633789062,49107200.0,1.69000244140625,0.012291528991875467,139.37000020345053,1.909971906071739,10.930629466805218,-35.0,132.74819629086542,-3.2139961242675668,134.16903792614374,0.6347106786765551,25.549098144317956,0.019204697247862734,22.989032048829355,21576277.48191286,53.830429234223224,134.11618031264132,-1.56,-0.37,0.13,0.021,-1.56,-0.37,0.13,0.021,-1.56,-0.37,0.13,0.021
2023-12-21,139.49000549316406,140.69000244140625,139.17999267578125,140.4199981689453,140.4199981689453,27488300.0,2.0800018310546875,0.014923521848626109,140.09666442871094,0.5200375965195292,11.546459806877833,65.0,144.8065810694645,-4.280496978759771,134.76436747307721,1.0508607348205032,25.61411169257248,0.04522651274815094,0.2746389409497903,24966700.039119307,54.574571834705516,134.25217141765341,1.09,0.74,-0.03,0.021,1.09,0.74,-0.03,0.021,1.09,0.74,-0.03,0.021
2023-12-22,140.77000427246094,141.99000549316406,140.7100067138672,141.49000549316406,141.49000549316406,26514600.0,1.07000732421875,0.007591163482291385,141.39667256673178,0.9236576569300325,12.293013608004264,70.0,158.49081616308118,2.389491271972645,135.4049044273712,1.4502853148160284,25.526953569992656,0.05974723021093364,6.830988248718244,25290901.578129895,57.574786619175995,134.49051442987067,0.21,0.64,0.09,0.021,0.21,0.64,0.09,0.021,0.21,0.64,0.09,0.021
2023-12-26,141.58999633789062,142.67999267578125,141.19000244140625,141.52000427246094,141.52000427246094,16780300.0,0.029998779296875,0.00021199800978077832,141.79666646321616,0.2824883973961967,13.086693325689575,75.0,149.55361388770294,0.19400405883789062,135.98729488880832,1.7490903976075174,25.388632903459722,0.06986098977028367,5.194374089016452,22930186.048425656,57.17049127378766,134.5911251010208,0.48,0.69,0.46,0.021,0.48,0.69,0.46,0.021,0.48,0.69,0.46,0.021
2023-12-27,141.58999633789062,142.0800018310547,139.88999938964844,140.3699951171875,140.3699951171875,19628600.0,-1.1500091552734375,-0.008159321280397869,140.77999877929688,-0.7195725590675828,13.561432894131547,75.0,115.78281906151273,-1.6645080566406136,136.40469491055873,1.871525667777263,25.223109966089204,0.02543231130106952,-10.599307316766746,18596542.643318433,57.0366770210411,134.719836024663,0.16,0.14,0.12,0.021,0.16,0.14,0.12,0.021,0.16,0.14,0.12,0.021
2023-12-28,140.77999877929688,141.13999938964844,139.75,140.22999572753906,140.22999572753906,16045700.0,-0.1399993896484375,-0.0009978574898994452,140.37333170572916,-0.28928510750239056,13.982307446902846,75.0,96.67069670956141,-2.6964965820312443,136.76900927408067,1.9349547666815567,25.11850041462122,0.0521763245741116,-4.677894657089471,16611501.610004112,57.702933854787865,134.81211502098458,-0.01,-0.36,0.03,0.021,-0.01,-0.36,0.03,0.021,-0.01,-0.36,0.03,0.021
2023-12-29,139.6300048828125,140.36000061035156,138.77999877929688,139.69000244140625,139.69000244140625,18727200.0,-0.5399932861328125,-0.003858202054259685,139.61000061035156,-0.5452703061574304,14.171053890592546,75.0,73.28351567804484,-3.0044937133789062,137.04719909954025,1.9195227755711244,25.016829280097422,0.08454154755271576,-7.382318777889122,14066352.66923549,59.47801283380025,135.06348280457274,-0.43,-1.13,-0.37,0.021,-0.43,-1.13,-0.37,0.021,-0.43,-1.13,-0.37,0.021
